,high,low,lambda_start,lambda_end,frequency_factor,total
005,16950000,1695000,1.0,2,4.9158842510402677e-05,3354127.0
005-009,855000,85500,1.1,4,0.0009534635613389906,109809.0
010-050,146100,14610,1.2,8,0.0024918776609407084,19311.0
050-100,8700,870,1.4,16,0.003200266331150933,6218.0
100+,3050,305,1.8,32,0.00516611214908543,1409.0
