,high,low,lambda_start,lambda_end,frequency_factor,total
005,16950000,1695000,1.0,2,1.8980979083197185e-05,8683118.0
005-009,855000,85500,1.1,4,0.00022064567485957117,474857.0
010-050,146100,14610,1.2,8,0.0012730526099369662,38256.0
050-100,8700,870,1.4,16,0.016130213244475947,1276.0
100+,3050,305,1.8,32,0.005148043264898661,1479.0
