,high,low,lambda_start,lambda_end,frequency_factor,total
005,16950000,1695000,1.0,2,1.2914021844356074e-05,12768171.0
005-009,855000,85500,1.1,4,0.0011545648548291687,90671.0
010-050,146100,14610,1.2,8,0.0015161675035670107,32204.0
050-100,8700,870,1.4,16,0.019775487646305216,1055.0
100+,3050,305,1.8,32,0.0132944275644068,574.0
