,high,low,lambda_start,lambda_end,frequency_factor,total
005,16950000,1695000,1.0,2,1.8123825670819045e-05,9098416.0
005-009,855000,85500,1.1,4,0.0009150684277427949,114674.0
010-050,146100,14610,1.2,8,0.0003862168528345159,126241.0
050-100,8700,870,1.4,16,0.004680944839778501,4295.0
100+,3050,305,1.8,32,0.011262066942840918,662.0
