,high,low,lambda_start,lambda_end,frequency_factor,total
005,16950000,1695000,1.0,2,4.1584983202761476e-05,3966560.0
005-009,855000,85500,1.1,4,0.0009656926210077426,108349.0
010-050,146100,14610,1.2,8,0.0003346550387281293,145145.0
050-100,8700,870,1.4,16,0.010056664132306232,1966.0
100+,3050,305,1.8,32,0.002867986052878754,2632.0
