,high,low,lambda_start,lambda_end,frequency_factor,total
005,16950000,1695000,1.0,2,9.654090548762705e-05,1708798.0
005-009,855000,85500,1.1,4,0.00012943585432462763,807083.0
010-050,146100,14610,1.2,8,0.002362736547718088,20680.0
050-100,8700,870,1.4,16,0.003316353948462892,6197.0
100+,3050,305,1.8,32,0.002968556585902132,2669.0
