,high,low,lambda_start,lambda_end,frequency_factor,total
005,16950000,1695000,1.0,2,7.023674503783435e-05,2347222.0
005-009,855000,85500,1.1,4,0.0004372205058433311,239557.0
010-050,146100,14610,1.2,8,0.00035562894823071035,136528.0
050-100,8700,870,1.4,16,0.021865843000303007,922.0
100+,3050,305,1.8,32,0.019346964863726203,393.0
