,high,low,lambda_start,lambda_end,frequency_factor,total
005,16950000,1695000,1.0,2,7.055181126452502e-05,2338747.0
005-009,855000,85500,1.1,4,0.0004967535485761829,210302.0
010-050,146100,14610,1.2,8,0.0014941475993731329,32293.0
050-100,8700,870,1.4,16,0.01346856227333398,1538.0
100+,3050,305,1.8,32,0.022008328212609122,348.0
