,high,low,lambda_start,lambda_end,frequency_factor,total
005,16950000,1695000,1.0,2,7.513692128628971e-05,2194393.0
005-009,855000,85500,1.1,4,0.000814599391371073,128916.0
010-050,146100,14610,1.2,8,0.0008640205982144535,56246.0
050-100,8700,870,1.4,16,0.009624895477185176,2160.0
100+,3050,305,1.8,32,0.018060568281726672,440.0
