,high,low,lambda_start,lambda_end,frequency_factor,total
005,16950000,1695000,1.0,2,6.329803880818864e-05,2604684.0
005-009,855000,85500,1.1,4,0.00020392238574047539,515134.0
010-050,146100,14610,1.2,8,0.0017345534506482782,27799.0
050-100,8700,870,1.4,16,0.005932608616661879,3389.0
100+,3050,305,1.8,32,0.011078171124959704,706.0
