,high,low,lambda_start,lambda_end,frequency_factor,total
005,16950000,1695000,1.0,2,1.0458431407043454e-05,15763079.0
005-009,855000,85500,1.1,4,0.00031206032396381093,335102.0
010-050,146100,14610,1.2,8,0.0004080118157828654,119651.0
050-100,8700,870,1.4,16,0.010484725117173976,2016.0
100+,3050,305,1.8,32,0.009277869928297251,849.0
