,high,low,lambda_start,lambda_end,frequency_factor,total
005,16950000,1695000,1.0,2,5.825331924861523e-05,2831783.0
005-009,855000,85500,1.1,4,0.0006705725460232402,156411.0
010-050,146100,14610,1.2,8,0.0003835462290039422,126263.0
050-100,8700,870,1.4,16,0.021055329540394786,903.0
100+,3050,305,1.8,32,0.011335326749930558,687.0
