,high,low,lambda_start,lambda_end,frequency_factor,total
005,16950000,1695000,1.0,2,4.938438894642735e-05,3338960.0
005-009,855000,85500,1.1,4,0.00024504178292743224,426981.0
010-050,146100,14610,1.2,8,0.0006836401385391592,71238.0
050-100,8700,870,1.4,16,0.004292737261282717,4637.0
100+,3050,305,1.8,32,0.0037083873471840424,2103.0
