,high,low,lambda_start,lambda_end,frequency_factor,total
005,16950000,1695000,1.0,2,2.5836289504982763e-05,6381223.0
005-009,855000,85500,1.1,4,0.0010341833211969457,100882.0
010-050,146100,14610,1.2,8,0.0025125507989450942,19421.0
050-100,8700,870,1.4,16,0.005418010096628784,3813.0
100+,3050,305,1.8,32,0.019718094689099255,382.0
