,high,low,lambda_start,lambda_end,frequency_factor,total
005,16950000,1695000,1.0,2,8.358443765858303e-05,1972406.0
005-009,855000,85500,1.1,4,0.0008189273847750133,128204.0
010-050,146100,14610,1.2,8,0.0019862381876732072,24376.0
050-100,8700,870,1.4,16,0.022195512262620364,963.0
100+,3050,305,1.8,32,0.02207653844394928,345.0
