,high,low,lambda_start,lambda_end,frequency_factor,total
005,16950000,1695000,1.0,2,5.3934398180734176e-05,3055353.0
005-009,855000,85500,1.1,4,0.0006526298569738365,160245.0
010-050,146100,14610,1.2,8,0.0005108716342681862,95361.0
050-100,8700,870,1.4,16,0.007819413066474849,2606.0
100+,3050,305,1.8,32,0.009470759399796325,843.0
