,high,low,lambda_start,lambda_end,frequency_factor,total
005,16950000,1695000,1.0,2,6.591884114450049e-05,2502677.0
005-009,855000,85500,1.1,4,0.00022757279220013378,459264.0
010-050,146100,14610,1.2,8,0.003148217358566703,15482.0
050-100,8700,870,1.4,16,0.00571577884460137,3637.0
100+,3050,305,1.8,32,0.009620893278649107,845.0
