,high,low,lambda_start,lambda_end,frequency_factor,total
005,16950000,1695000,1.0,2,9.025284441481574e-05,1826288.0
005-009,855000,85500,1.1,4,0.00040981996268779056,254753.0
010-050,146100,14610,1.2,8,0.0013264956108910387,36639.0
050-100,8700,870,1.4,16,0.01794267621704336,1175.0
100+,3050,305,1.8,32,0.0204928356700996,410.0
