,high,low,lambda_start,lambda_end,frequency_factor,total
005,16950000,1695000,1.0,2,4.775420553652155e-05,3452966.0
005-009,855000,85500,1.1,4,0.0007598293801301264,137112.0
010-050,146100,14610,1.2,8,0.0019388551413051858,24965.0
050-100,8700,870,1.4,16,0.003488429001363307,5756.0
100+,3050,305,1.8,32,0.011563537537932328,682.0
