,high,low,lambda_start,lambda_end,frequency_factor,total
005,16950000,1695000,1.0,2,8.637889921356439e-05,1907117.0
005-009,855000,85500,1.1,4,0.0007912243078853593,131980.0
010-050,146100,14610,1.2,8,0.0005306134632744321,91427.0
050-100,8700,870,1.4,16,0.010500768487586826,1848.0
100+,3050,305,1.8,32,0.019833293761561913,384.0
