,high,low,lambda_start,lambda_end,frequency_factor,total
005,16950000,1695000,1.0,2,7.354147522898409e-05,2240753.0
005-009,855000,85500,1.1,4,0.0010335459133092551,100939.0
010-050,146100,14610,1.2,8,0.0022870917393327784,21460.0
050-100,8700,870,1.4,16,0.014015587134239333,1459.0
100+,3050,305,1.8,32,0.013468602284556748,621.0
