,high,low,lambda_start,lambda_end,frequency_factor,total
005,16950000,1695000,1.0,2,7.00718880893165e-05,2354396.0
005-009,855000,85500,1.1,4,0.0006564355606819786,159842.0
010-050,146100,14610,1.2,8,0.0018224454686715872,26698.0
050-100,8700,870,1.4,16,0.017870427596990243,1120.0
100+,3050,305,1.8,32,0.01798698332935419,420.0
