,high,low,lambda_start,lambda_end,frequency_factor,total
005,16950000,1695000,1.0,2,5.201015004975327e-05,3166987.0
005-009,855000,85500,1.1,4,0.00017952458459569802,583432.0
010-050,146100,14610,1.2,8,0.0003914747613498211,124293.0
050-100,8700,870,1.4,16,0.02116608296168933,959.0
100+,3050,305,1.8,32,0.024540512761170093,324.0
