,high,low,lambda_start,lambda_end,frequency_factor,total
005,16950000,1695000,1.0,2,1.4924791528878214e-05,11046759.0
005-009,855000,85500,1.1,4,0.0005717806653563815,183674.0
010-050,146100,14610,1.2,8,0.00038102332161536414,127480.0
050-100,8700,870,1.4,16,0.02225333996819559,926.0
100+,3050,305,1.8,32,0.023041663513025237,351.0
