,high,low,lambda_start,lambda_end,frequency_factor,total
005,16950000,1695000,1.0,2,1.6711158427993556e-05,9870132.0
005-009,855000,85500,1.1,4,0.00021849260959798356,478959.0
010-050,146100,14610,1.2,8,0.001945519214491552,24890.0
050-100,8700,870,1.4,16,0.008621259026967464,2407.0
100+,3050,305,1.8,32,0.020199417814531197,353.0
