,high,low,lambda_start,lambda_end,frequency_factor,total
005,16950000,1695000,1.0,2,6.510543624424347e-05,2535004.0
005-009,855000,85500,1.1,4,0.0011082757325125351,94523.0
010-050,146100,14610,1.2,8,0.0012858762160224432,37451.0
050-100,8700,870,1.4,16,0.022356539139745793,884.0
100+,3050,305,1.8,32,0.012996540301609285,599.0
