,high,low,lambda_start,lambda_end,frequency_factor,total
005,16950000,1695000,1.0,2,1.7918421393098147e-05,9198415.0
005-009,855000,85500,1.1,4,0.0001508178488260934,695236.0
010-050,146100,14610,1.2,8,0.0005375092491033175,90317.0
050-100,8700,870,1.4,16,0.013844818378206131,1477.0
100+,3050,305,1.8,32,0.002988266894215048,2602.0
