,high,low,lambda_start,lambda_end,frequency_factor,total
005,16950000,1695000,1.0,2,1.828098283503376e-05,9021362.0
005-009,855000,85500,1.1,4,0.00028017298069732454,373783.0
010-050,146100,14610,1.2,8,0.003183541336196971,15132.0
050-100,8700,870,1.4,16,0.003185466402176438,6524.0
100+,3050,305,1.8,32,0.013608020866902519,555.0
