,high,low,lambda_start,lambda_end,frequency_factor,total
005,16950000,1695000,1.0,2,9.787923906266696e-06,16838452.0
005-009,855000,85500,1.1,4,0.00031372184377946203,333599.0
010-050,146100,14610,1.2,8,0.0010312944488484292,47057.0
050-100,8700,870,1.4,16,0.003431060828166932,6030.0
100+,3050,305,1.8,32,0.005122744493060168,1443.0
