,high,low,lambda_start,lambda_end,frequency_factor,total
005,16950000,1695000,1.0,2,1.7024185334762577e-05,9681569.0
005-009,855000,85500,1.1,4,0.0004129513387573548,253991.0
010-050,146100,14610,1.2,8,0.00040525500259513703,119630.0
050-100,8700,870,1.4,16,0.014170373579438685,1362.0
100+,3050,305,1.8,32,0.0027860073486625607,2756.0
