,high,low,lambda_start,lambda_end,frequency_factor,total
005,16950000,1695000,1.0,2,5.098978940565551e-05,3234634.0
005-009,855000,85500,1.1,4,0.0011158194900890385,93817.0
010-050,146100,14610,1.2,8,0.0004814498172722883,100433.0
050-100,8700,870,1.4,16,0.016823547068855922,1293.0
100+,3050,305,1.8,32,0.006070215042847129,1297.0
