,high,low,lambda_start,lambda_end,frequency_factor,total
005,16950000,1695000,1.0,2,5.7614980372739744e-05,2861830.0
005-009,855000,85500,1.1,4,0.00045848492923395616,228706.0
010-050,146100,14610,1.2,8,0.0015583930273423857,31273.0
050-100,8700,870,1.4,16,0.007353266354434291,2730.0
100+,3050,305,1.8,32,0.009929827587910715,811.0
