,high,low,lambda_start,lambda_end,frequency_factor,total
005,16950000,1695000,1.0,2,6.947205715709588e-05,2375310.0
005-009,855000,85500,1.1,4,0.00013368211372081747,782624.0
010-050,146100,14610,1.2,8,0.0017061513260915886,28271.0
050-100,8700,870,1.4,16,0.01656959156015716,1230.0
100+,3050,305,1.8,32,0.009149569137831595,851.0
