,high,low,lambda_start,lambda_end,frequency_factor,total
005,16950000,1695000,1.0,2,1.60703477749894e-05,10258948.0
005-009,855000,85500,1.1,4,0.000796005255107802,131414.0
010-050,146100,14610,1.2,8,0.0008220524811973162,59195.0
050-100,8700,870,1.4,16,0.020231466620741,985.0
100+,3050,305,1.8,32,0.0156341402340347,516.0
