,high,low,lambda_start,lambda_end,frequency_factor,total
005,16950000,1695000,1.0,2,5.5433859965199375e-05,2975216.0
005-009,855000,85500,1.1,4,0.0004894112902745701,214443.0
010-050,146100,14610,1.2,8,0.0025402008973791153,19100.0
050-100,8700,870,1.4,16,0.016739460690032317,1280.0
100+,3050,305,1.8,32,0.003604356063650339,2163.0
