,high,low,lambda_start,lambda_end,frequency_factor,total
005,16950000,1695000,1.0,2,8.168926577627314e-05,2016776.0
005-009,855000,85500,1.1,4,0.000488689804221528,213565.0
010-050,146100,14610,1.2,8,0.0030474466009569124,15972.0
050-100,8700,870,1.4,16,0.004147060450532808,4867.0
100+,3050,305,1.8,32,0.021415304421676228,377.0
