,high,low,lambda_start,lambda_end,frequency_factor,total
005,16950000,1695000,1.0,2,8.162397411941881e-05,2023065.0
005-009,855000,85500,1.1,4,0.001081927610922809,96830.0
010-050,146100,14610,1.2,8,0.0022815879668483174,21239.0
050-100,8700,870,1.4,16,0.016820612468402926,1193.0
100+,3050,305,1.8,32,0.017388144218929726,435.0
