,high,low,lambda_start,lambda_end,frequency_factor,total
005,16950000,1695000,1.0,2,5.8413339611902244e-05,2821383.0
005-009,855000,85500,1.1,4,0.0005399248207970268,194165.0
010-050,146100,14610,1.2,8,0.002103390713302405,23145.0
050-100,8700,870,1.4,16,0.0069679271323963565,2885.0
100+,3050,305,1.8,32,0.006448298266483448,1197.0
