,high,low,lambda_start,lambda_end,frequency_factor,total
005,16950000,1695000,1.0,2,5.2750116835683504e-05,3130405.0
005-009,855000,85500,1.1,4,0.00016079434135608025,649462.0
010-050,146100,14610,1.2,8,0.0022656685614836376,21576.0
050-100,8700,870,1.4,16,0.002471851094759638,8209.0
100+,3050,305,1.8,32,0.021363766680506345,382.0
