,high,low,lambda_start,lambda_end,frequency_factor,total
005,16950000,1695000,1.0,2,9.330817689595583e-05,1765973.0
005-009,855000,85500,1.1,4,0.0009027621407810882,115997.0
010-050,146100,14610,1.2,8,0.0008449086375896579,57352.0
050-100,8700,870,1.4,16,0.020744008897798066,1004.0
100+,3050,305,1.8,32,0.01028554662256316,759.0
