,high,low,lambda_start,lambda_end,frequency_factor,total
005,16950000,1695000,1.0,2,7.718685152330189e-05,2135566.0
005-009,855000,85500,1.1,4,0.0007904261242957578,132541.0
010-050,146100,14610,1.2,8,0.00036293189600324825,133460.0
050-100,8700,870,1.4,16,0.012340968950614739,1643.0
100+,3050,305,1.8,32,0.021059515668864586,356.0
