,high,low,lambda_start,lambda_end,frequency_factor,total
005,16950000,1695000,1.0,2,8.311626140035329e-05,1981551.0
005-009,855000,85500,1.1,4,0.0010866790853312652,96554.0
010-050,146100,14610,1.2,8,0.0007004677155917488,69647.0
050-100,8700,870,1.4,16,0.014489052478221484,1371.0
100+,3050,305,1.8,32,0.008942878455670074,855.0
