,high,low,lambda_start,lambda_end,frequency_factor,total
005,16950000,1695000,1.0,2,1.2426253374739126e-05,13261171.0
005-009,855000,85500,1.1,4,0.00020670321752129343,506888.0
010-050,146100,14610,1.2,8,0.0006941055143966755,69923.0
050-100,8700,870,1.4,16,0.0025890884830511345,7881.0
100+,3050,305,1.8,32,0.009625896257574939,840.0
