,high,low,lambda_start,lambda_end,frequency_factor,total
005,16950000,1695000,1.0,2,3.806559893470715e-05,4332528.0
005-009,855000,85500,1.1,4,0.0005851533898786374,179353.0
010-050,146100,14610,1.2,8,0.0014487444297916494,33342.0
050-100,8700,870,1.4,16,0.008762751679010807,2283.0
100+,3050,305,1.8,32,0.010565375428243377,723.0
