,high,low,lambda_start,lambda_end,frequency_factor,total
005,16950000,1695000,1.0,2,1.3920847579208608e-05,11841002.0
005-009,855000,85500,1.1,4,0.0005371485760426471,195261.0
010-050,146100,14610,1.2,8,0.0015845431255877337,30732.0
050-100,8700,870,1.4,16,0.0025477763226495697,8150.0
100+,3050,305,1.8,32,0.022230694972476463,354.0
