,high,low,lambda_start,lambda_end,frequency_factor,total
005,16950000,1695000,1.0,2,6.924840653660947e-05,2378805.0
005-009,855000,85500,1.1,4,0.0007597764963051219,137717.0
010-050,146100,14610,1.2,8,0.0024757412915724373,19853.0
050-100,8700,870,1.4,16,0.00993541283611272,2021.0
100+,3050,305,1.8,32,0.003707134636591324,2105.0
