,high,low,lambda_start,lambda_end,frequency_factor,total
005,16950000,1695000,1.0,2,7.472400680536451e-05,2205594.0
005-009,855000,85500,1.1,4,0.0009183403953723054,113523.0
010-050,146100,14610,1.2,8,0.001490555917148532,32530.0
050-100,8700,870,1.4,16,0.01043921183866557,2026.0
100+,3050,305,1.8,32,0.008874834646197193,924.0
