,high,low,lambda_start,lambda_end,frequency_factor,total
005,16950000,1695000,1.0,2,6.875333879777052e-05,2396934.0
005-009,855000,85500,1.1,4,0.0005948246953758074,175993.0
010-050,146100,14610,1.2,8,0.0005128518915410807,94821.0
050-100,8700,870,1.4,16,0.002771704460252325,7319.0
100+,3050,305,1.8,32,0.010785991793227812,720.0
