,high,low,lambda_start,lambda_end,frequency_factor,total
005,16950000,1695000,1.0,2,1.3984069307146292e-05,11790954.0
005-009,855000,85500,1.1,4,0.0004472847550964531,233402.0
010-050,146100,14610,1.2,8,0.0016530976666892397,29228.0
050-100,8700,870,1.4,16,0.017664383072727056,1192.0
100+,3050,305,1.8,32,0.003819603948724572,2022.0
