,high,low,lambda_start,lambda_end,frequency_factor,total
005,16950000,1695000,1.0,2,6.924719630069182e-05,2380158.0
005-009,855000,85500,1.1,4,0.0004416501844168462,237128.0
010-050,146100,14610,1.2,8,0.002043188837473388,24024.0
050-100,8700,870,1.4,16,0.017596687179593982,1113.0
100+,3050,305,1.8,32,0.005413319247390062,1404.0
