,high,low,lambda_start,lambda_end,frequency_factor,total
005,16950000,1695000,1.0,2,6.0298733060394035e-05,2732231.0
005-009,855000,85500,1.1,4,0.0011776660968837182,89044.0
010-050,146100,14610,1.2,8,0.00046747112023848525,103958.0
050-100,8700,870,1.4,16,0.019575931770416947,1006.0
100+,3050,305,1.8,32,0.01906217856323339,423.0
