,high,low,lambda_start,lambda_end,frequency_factor,total
005,16950000,1695000,1.0,2,7.478902609356716e-05,2206814.0
005-009,855000,85500,1.1,4,0.0012123764522970037,86446.0
010-050,146100,14610,1.2,8,0.002587928653665904,18825.0
050-100,8700,870,1.4,16,0.019125605213724417,1088.0
100+,3050,305,1.8,32,0.010637468353085487,718.0
