,high,low,lambda_start,lambda_end,frequency_factor,total
005,16950000,1695000,1.0,2,3.871225621115986e-05,4259078.0
005-009,855000,85500,1.1,4,0.00034748839774590193,301231.0
010-050,146100,14610,1.2,8,0.0031298260509768933,15554.0
050-100,8700,870,1.4,16,0.01644248706343413,1299.0
100+,3050,305,1.8,32,0.013447727394307349,574.0
