,high,low,lambda_start,lambda_end,frequency_factor,total
005,16950000,1695000,1.0,2,1.3462943891471383e-05,12251546.0
005-009,855000,85500,1.1,4,0.0007656207857445446,136714.0
010-050,146100,14610,1.2,8,0.0010368864518330485,46765.0
050-100,8700,870,1.4,16,0.008572491886803719,2364.0
100+,3050,305,1.8,32,0.01605362616865016,497.0
