,high,low,lambda_start,lambda_end,frequency_factor,total
005,16950000,1695000,1.0,2,7.348947783386055e-05,2246993.0
005-009,855000,85500,1.1,4,0.0001824170623558978,574379.0
010-050,146100,14610,1.2,8,0.0004867822520830801,99742.0
050-100,8700,870,1.4,16,0.008963572690346156,2354.0
100+,3050,305,1.8,32,0.021513035902348758,375.0
