,high,low,lambda_start,lambda_end,frequency_factor,total
005,16950000,1695000,1.0,2,3.59031309627186e-05,4593048.0
005-009,855000,85500,1.1,4,0.0006966611405766209,150414.0
010-050,146100,14610,1.2,8,0.002136112857023686,22752.0
050-100,8700,870,1.4,16,0.014879832669697342,1352.0
100+,3050,305,1.8,32,0.013423735150070927,608.0
