,high,low,lambda_start,lambda_end,frequency_factor,total
005,16950000,1695000,1.0,2,3.9714098022015756e-05,4152343.0
005-009,855000,85500,1.1,4,0.0009468940795685793,110108.0
010-050,146100,14610,1.2,8,0.0025231028232358126,19052.0
050-100,8700,870,1.4,16,0.02013523124352227,1056.0
100+,3050,305,1.8,32,0.004000220074278544,1986.0
