,high,low,lambda_start,lambda_end,frequency_factor,total
005,16950000,1695000,1.0,2,4.9652042448197326e-05,3317638.0
005-009,855000,85500,1.1,4,0.0009368927770095775,111489.0
010-050,146100,14610,1.2,8,0.001367447757953505,35607.0
050-100,8700,870,1.4,16,0.002834383536570981,7170.0
100+,3050,305,1.8,32,0.01886009318719253,414.0
