,high,low,lambda_start,lambda_end,frequency_factor,total
005,16950000,1695000,1.0,2,4.678037201649854e-05,3525407.0
005-009,855000,85500,1.1,4,0.0012153372334953775,85802.0
010-050,146100,14610,1.2,8,0.0018669889138890781,26135.0
050-100,8700,870,1.4,16,0.0035107388966368392,5711.0
100+,3050,305,1.8,32,0.01960441442662751,393.0
