,high,low,lambda_start,lambda_end,frequency_factor,total
005,16950000,1695000,1.0,2,7.975371711823412e-05,2068724.0
005-009,855000,85500,1.1,4,0.0008164306021215822,128256.0
010-050,146100,14610,1.2,8,0.0016228634967591856,29527.0
050-100,8700,870,1.4,16,0.005213843114662865,3964.0
100+,3050,305,1.8,32,0.00418652342081413,1832.0
