,high,low,lambda_start,lambda_end,frequency_factor,total
005,16950000,1695000,1.0,2,9.407309758787296e-05,1751474.0
005-009,855000,85500,1.1,4,0.0003127123737802489,333630.0
010-050,146100,14610,1.2,8,0.0027987443905147552,17260.0
050-100,8700,870,1.4,16,0.002496714633921851,7989.0
100+,3050,305,1.8,32,0.003990745006860434,1968.0
