,high,low,lambda_start,lambda_end,frequency_factor,total
005,16950000,1695000,1.0,2,7.265134569833619e-05,2268581.0
005-009,855000,85500,1.1,4,0.0006651797315632965,157996.0
010-050,146100,14610,1.2,8,0.00311364527743664,15725.0
050-100,8700,870,1.4,16,0.020979664918916927,1002.0
100+,3050,305,1.8,32,0.01055891417604123,701.0
