,high,low,lambda_start,lambda_end,frequency_factor,total
005,16950000,1695000,1.0,2,2.981696339876682e-05,5528311.0
005-009,855000,85500,1.1,4,0.001148770942879658,90809.0
010-050,146100,14610,1.2,8,0.001485828257379205,32650.0
050-100,8700,870,1.4,16,0.004110257313871224,4844.0
100+,3050,305,1.8,32,0.008752583797801276,877.0
