,high,low,lambda_start,lambda_end,frequency_factor,total
005,16950000,1695000,1.0,2,3.807347299701417e-05,4327603.0
005-009,855000,85500,1.1,4,0.00012728807083015915,822353.0
010-050,146100,14610,1.2,8,0.0007226592507016948,66785.0
050-100,8700,870,1.4,16,0.010360776730976797,1943.0
100+,3050,305,1.8,32,0.016923084714077708,462.0
