,high,low,lambda_start,lambda_end,frequency_factor,total
005,16950000,1695000,1.0,2,3.179782939185211e-05,5184362.0
005-009,855000,85500,1.1,4,0.0006168963963370447,169800.0
010-050,146100,14610,1.2,8,0.00037067165742570853,130644.0
050-100,8700,870,1.4,16,0.023865638087039218,874.0
100+,3050,305,1.8,32,0.02193208963532054,359.0
