,high,low,lambda_start,lambda_end,frequency_factor,total
005,16950000,1695000,1.0,2,7.159727374510633e-05,2305989.0
005-009,855000,85500,1.1,4,0.000764677503295216,136730.0
010-050,146100,14610,1.2,8,0.0030059849455169145,16187.0
050-100,8700,870,1.4,16,0.01617201184497836,1242.0
100+,3050,305,1.8,32,0.018787465485255072,378.0
