,high,low,lambda_start,lambda_end,frequency_factor,total
005,16950000,1695000,1.0,2,7.839119157509734e-05,2104823.0
005-009,855000,85500,1.1,4,0.001039618590047411,100335.0
010-050,146100,14610,1.2,8,0.00038465299960331904,125404.0
050-100,8700,870,1.4,16,0.017042334299961517,1122.0
100+,3050,305,1.8,32,0.018796187063997216,401.0
