,high,low,lambda_start,lambda_end,frequency_factor,total
005,16950000,1695000,1.0,2,5.90823174296669e-05,2789777.0
005-009,855000,85500,1.1,4,0.0003101158108347998,338760.0
010-050,146100,14610,1.2,8,0.0023159715754150264,20804.0
050-100,8700,870,1.4,16,0.019702012564317768,1013.0
100+,3050,305,1.8,32,0.0069497567070264925,1094.0
