,high,low,lambda_start,lambda_end,frequency_factor,total
005,16950000,1695000,1.0,2,8.167832313452886e-05,2016283.0
005-009,855000,85500,1.1,4,0.00048393457788074607,215846.0
010-050,146100,14610,1.2,8,0.0026422317036041833,18511.0
050-100,8700,870,1.4,16,0.008355108923684133,2504.0
100+,3050,305,1.8,32,0.024179440140412293,349.0
