,high,low,lambda_start,lambda_end,frequency_factor,total
005,16950000,1695000,1.0,2,2.5554259646077872e-05,6446661.0
005-009,855000,85500,1.1,4,0.00028405949143010557,368310.0
010-050,146100,14610,1.2,8,0.0017589680448147048,27532.0
050-100,8700,870,1.4,16,0.0037852607860233227,5289.0
100+,3050,305,1.8,32,0.021240912407579384,372.0
