,high,low,lambda_start,lambda_end,frequency_factor,total
005,16950000,1695000,1.0,2,8.921646940630183e-05,1848485.0
005-009,855000,85500,1.1,4,0.000514351774893063,203092.0
010-050,146100,14610,1.2,8,0.0017171687850774883,28433.0
050-100,8700,870,1.4,16,0.017944215151578426,1133.0
100+,3050,305,1.8,32,0.005220410569955302,1473.0
