,high,low,lambda_start,lambda_end,frequency_factor,total
005,16950000,1695000,1.0,2,7.216804250180097e-05,2285020.0
005-009,855000,85500,1.1,4,0.0009200862699456562,113731.0
010-050,146100,14610,1.2,8,0.0013831312985965955,35249.0
050-100,8700,870,1.4,16,0.01762973831344987,1194.0
100+,3050,305,1.8,32,0.00396642034492265,1904.0
