,high,low,lambda_start,lambda_end,frequency_factor,total
005,16950000,1695000,1.0,2,3.806604208995673e-05,4329611.0
005-009,855000,85500,1.1,4,0.000959332119276199,109436.0
010-050,146100,14610,1.2,8,0.0017101327104863497,28452.0
050-100,8700,870,1.4,16,0.019576833265776323,1041.0
100+,3050,305,1.8,32,0.0033961639536402148,2339.0
