,high,low,lambda_start,lambda_end,frequency_factor,total
005,16950000,1695000,1.0,2,4.445773761169873e-05,3709144.0
005-009,855000,85500,1.1,4,0.0008943016563019353,116350.0
010-050,146100,14610,1.2,8,0.0022659542010284783,21515.0
050-100,8700,870,1.4,16,0.005796226138078116,3555.0
100+,3050,305,1.8,32,0.006812871688995768,1140.0
