,high,low,lambda_start,lambda_end,frequency_factor,total
005,16950000,1695000,1.0,2,3.0181386368521766e-05,5462001.0
005-009,855000,85500,1.1,4,0.00012787270717051698,819030.0
010-050,146100,14610,1.2,8,0.0028753498822607615,17049.0
050-100,8700,870,1.4,16,0.013492743829462889,1528.0
100+,3050,305,1.8,32,0.004892615423471306,1594.0
