,high,low,lambda_start,lambda_end,frequency_factor,total
005,16950000,1695000,1.0,2,1.1672491502631674e-05,14124962.0
005-009,855000,85500,1.1,4,0.0005310445962436574,197809.0
010-050,146100,14610,1.2,8,0.002130311657418612,22760.0
050-100,8700,870,1.4,16,0.0038288826612451763,5302.0
100+,3050,305,1.8,32,0.021044206060305576,417.0
