,high,low,lambda_start,lambda_end,frequency_factor,total
005,16950000,1695000,1.0,2,5.936615796219572e-05,2776866.0
005-009,855000,85500,1.1,4,0.00017013816568759108,615149.0
010-050,146100,14610,1.2,8,0.0028912729261202793,16884.0
050-100,8700,870,1.4,16,0.0024943905513453114,7957.0
100+,3050,305,1.8,32,0.014360332951021385,536.0
