,high,low,lambda_start,lambda_end,frequency_factor,total
005,16950000,1695000,1.0,2,4.5574974685154535e-05,3615443.0
005-009,855000,85500,1.1,4,0.00022419675025652912,467246.0
010-050,146100,14610,1.2,8,0.0018889680318671985,25880.0
050-100,8700,870,1.4,16,0.012968308070324362,1547.0
100+,3050,305,1.8,32,0.020779729772064104,414.0
