,high,low,lambda_start,lambda_end,frequency_factor,total
005,16950000,1695000,1.0,2,9.500661525356206e-05,1733887.0
005-009,855000,85500,1.1,4,0.0004976695747186111,210126.0
010-050,146100,14610,1.2,8,0.00041117406114391024,117693.0
050-100,8700,870,1.4,16,0.018683219373231568,1132.0
100+,3050,305,1.8,32,0.008390402938981687,938.0
