,high,low,lambda_start,lambda_end,frequency_factor,total
005,16950000,1695000,1.0,2,1.8258931285176756e-05,9029633.0
005-009,855000,85500,1.1,4,0.00017290644273105252,606145.0
010-050,146100,14610,1.2,8,0.0015933623351329681,30023.0
050-100,8700,870,1.4,16,0.009966855692915331,2054.0
100+,3050,305,1.8,32,0.01766371128776249,443.0
