,high,low,lambda_start,lambda_end,frequency_factor,total
005,16950000,1695000,1.0,2,5.935417291169053e-05,2779706.0
005-009,855000,85500,1.1,4,0.0011631690196529903,90163.0
010-050,146100,14610,1.2,8,0.0006664150276905038,73304.0
050-100,8700,870,1.4,16,0.01793553087281875,1117.0
100+,3050,305,1.8,32,0.0168802903685406,501.0
