,high,low,lambda_start,lambda_end,frequency_factor,total
005,16950000,1695000,1.0,2,8.082905703955463e-05,2038655.0
005-009,855000,85500,1.1,4,0.00016109754760939099,649762.0
010-050,146100,14610,1.2,8,0.0008735178608800543,55904.0
050-100,8700,870,1.4,16,0.02017246041253245,1041.0
100+,3050,305,1.8,32,0.016879935870673372,500.0
