,high,low,lambda_start,lambda_end,frequency_factor,total
005,16950000,1695000,1.0,2,1.164757679166529e-05,14153476.0
005-009,855000,85500,1.1,4,0.0005841590321086154,178556.0
010-050,146100,14610,1.2,8,0.0003638274312602708,133716.0
050-100,8700,870,1.4,16,0.003766243554637708,5432.0
100+,3050,305,1.8,32,0.0055535331957743935,1396.0
