,high,low,lambda_start,lambda_end,frequency_factor,total
005,16950000,1695000,1.0,2,3.6156189488104783e-05,4561253.0
005-009,855000,85500,1.1,4,0.0009359914544236183,111787.0
010-050,146100,14610,1.2,8,0.0031364514344158516,15395.0
050-100,8700,870,1.4,16,0.008291036767755921,2481.0
100+,3050,305,1.8,32,0.005547640260374041,1379.0
