,high,low,lambda_start,lambda_end,frequency_factor,total
005,16950000,1695000,1.0,2,7.303637850927484e-05,2257026.0
005-009,855000,85500,1.1,4,0.00013178443167404552,794782.0
010-050,146100,14610,1.2,8,0.0022592541946709487,21557.0
050-100,8700,870,1.4,16,0.013223773731582815,1519.0
100+,3050,305,1.8,32,0.02251324318168807,349.0
