,high,low,lambda_start,lambda_end,frequency_factor,total
005,16950000,1695000,1.0,2,4.859140094452565e-05,3395394.0
005-009,855000,85500,1.1,4,0.00021084104181742498,496642.0
010-050,146100,14610,1.2,8,0.0017655247420541185,27357.0
050-100,8700,870,1.4,16,0.007529664061419473,2820.0
100+,3050,305,1.8,32,0.008353859116672758,958.0
