,high,low,lambda_start,lambda_end,frequency_factor,total
005,16950000,1695000,1.0,2,5.300670132954009e-05,3113710.0
005-009,855000,85500,1.1,4,0.000590942026721681,176592.0
010-050,146100,14610,1.2,8,0.0029731526235522963,16161.0
050-100,8700,870,1.4,16,0.002734007018634919,7491.0
100+,3050,305,1.8,32,0.018716381647591356,392.0
