,high,low,lambda_start,lambda_end,frequency_factor,total
005,16950000,1695000,1.0,2,8.520040344311072e-05,1935975.0
005-009,855000,85500,1.1,4,0.0007691358740054,136406.0
010-050,146100,14610,1.2,8,0.0004995299206508395,97101.0
050-100,8700,870,1.4,16,0.014200396393489682,1429.0
100+,3050,305,1.8,32,0.006159773372559719,1300.0
