,high,low,lambda_start,lambda_end,frequency_factor,total
005,16950000,1695000,1.0,2,4.0164029744872056e-05,4104389.0
005-009,855000,85500,1.1,4,0.00040239070225310915,260040.0
010-050,146100,14610,1.2,8,0.0008751876084245381,55621.0
050-100,8700,870,1.4,16,0.0036745728562798704,5682.0
100+,3050,305,1.8,32,0.005608875233779257,1409.0
