,high,low,lambda_start,lambda_end,frequency_factor,total
005,16950000,1695000,1.0,2,9.34080329820964e-05,1766984.0
005-009,855000,85500,1.1,4,0.000922107089812616,113524.0
010-050,146100,14610,1.2,8,0.0009234876854526838,52501.0
050-100,8700,870,1.4,16,0.010158334031265934,1985.0
100+,3050,305,1.8,32,0.017400309822047343,470.0
