,high,low,lambda_start,lambda_end,frequency_factor,total
005,16950000,1695000,1.0,2,1.102294128202582e-05,14959226.0
005-009,855000,85500,1.1,4,0.0010999411601265911,95283.0
010-050,146100,14610,1.2,8,0.0024497661600785038,19672.0
050-100,8700,870,1.4,16,0.004496803314115346,4558.0
100+,3050,305,1.8,32,0.016548619475796254,477.0
