,high,low,lambda_start,lambda_end,frequency_factor,total
005,16950000,1695000,1.0,2,2.1073367768602864e-05,7829895.0
005-009,855000,85500,1.1,4,0.000590948569050433,177954.0
010-050,146100,14610,1.2,8,0.0004798533831517839,100808.0
050-100,8700,870,1.4,16,0.011383990265553284,1749.0
100+,3050,305,1.8,32,0.02625220464806575,307.0
