,high,low,lambda_start,lambda_end,frequency_factor,total
005,16950000,1695000,1.0,2,3.1484858623184974e-05,5239458.0
005-009,855000,85500,1.1,4,0.0006391469121798081,163646.0
010-050,146100,14610,1.2,8,0.000626924418939931,77063.0
050-100,8700,870,1.4,16,0.00968015283928078,2108.0
100+,3050,305,1.8,32,0.02166727415361976,356.0
