,high,low,lambda_start,lambda_end,frequency_factor,total
005,16950000,1695000,1.0,2,5.03502811301343e-05,3275203.0
005-009,855000,85500,1.1,4,0.0005982195616109773,174781.0
010-050,146100,14610,1.2,8,0.0006749280881800653,72202.0
050-100,8700,870,1.4,16,0.00840661692509897,2494.0
100+,3050,305,1.8,32,0.008852452372252007,860.0
