,high,low,lambda_start,lambda_end,frequency_factor,total
005,16950000,1695000,1.0,2,3.956460971604061e-05,4167682.0
005-009,855000,85500,1.1,4,0.0008209768750711266,127700.0
010-050,146100,14610,1.2,8,0.0028766946704699434,17094.0
050-100,8700,870,1.4,16,0.01700350578885159,1192.0
100+,3050,305,1.8,32,0.02326275504589612,332.0
