,high,low,lambda_start,lambda_end,frequency_factor,total
005,16950000,1695000,1.0,2,9.557484658199747e-05,1725022.0
005-009,855000,85500,1.1,4,0.000699751072604206,150102.0
010-050,146100,14610,1.2,8,0.0012404870613670965,39123.0
050-100,8700,870,1.4,16,0.02133498578460706,900.0
100+,3050,305,1.8,32,0.004254394698567187,1804.0
