,high,low,lambda_start,lambda_end,frequency_factor,total
005,16950000,1695000,1.0,2,8.37265190142551e-05,1967945.0
005-009,855000,85500,1.1,4,0.0008814270916974776,118460.0
010-050,146100,14610,1.2,8,0.0005063361107949806,95972.0
050-100,8700,870,1.4,16,0.003422087958699689,6066.0
100+,3050,305,1.8,32,0.010987815125588283,702.0
