,high,low,lambda_start,lambda_end,frequency_factor,total
005,16950000,1695000,1.0,2,8.865854696522709e-05,1857067.0
005-009,855000,85500,1.1,4,0.00034013159061216716,307667.0
010-050,146100,14610,1.2,8,0.0011870014267410017,41175.0
050-100,8700,870,1.4,16,0.004093532018279652,5007.0
100+,3050,305,1.8,32,0.006388309172193967,1239.0
