,high,low,lambda_start,lambda_end,frequency_factor,total
005,16950000,1695000,1.0,2,8.749592938757047e-05,1884523.0
005-009,855000,85500,1.1,4,0.0009241964823938829,113921.0
010-050,146100,14610,1.2,8,0.0005056804891741257,95976.0
050-100,8700,870,1.4,16,0.010027319911872926,2050.0
100+,3050,305,1.8,32,0.012698898772941504,589.0
