,high,low,lambda_start,lambda_end,frequency_factor,total
005,16950000,1695000,1.0,2,3.9379251305291156e-05,4186581.0
005-009,855000,85500,1.1,4,0.00012961935916185293,809449.0
010-050,146100,14610,1.2,8,0.0004584850666469196,106342.0
050-100,8700,870,1.4,16,0.015525943918757525,1311.0
100+,3050,305,1.8,32,0.010046837695079379,750.0
