,high,low,lambda_start,lambda_end,frequency_factor,total
005,16950000,1695000,1.0,2,4.0359260959668945e-05,4086585.0
005-009,855000,85500,1.1,4,0.001207075670042702,86219.0
010-050,146100,14610,1.2,8,0.0003799084235280689,128033.0
050-100,8700,870,1.4,16,0.012352944657325959,1648.0
100+,3050,305,1.8,32,0.016221910025316196,483.0
