,high,low,lambda_start,lambda_end,frequency_factor,total
005,16950000,1695000,1.0,2,4.379510784662603e-05,3763495.0
005-009,855000,85500,1.1,4,0.0006670964915294367,157025.0
010-050,146100,14610,1.2,8,0.0009147806275347472,53291.0
050-100,8700,870,1.4,16,0.01998269746132644,1014.0
100+,3050,305,1.8,32,0.007577035065362595,951.0
