,high,low,lambda_start,lambda_end,frequency_factor,total
005,16950000,1695000,1.0,2,8.51371185831457e-05,1937298.0
005-009,855000,85500,1.1,4,0.0010552652116250672,99571.0
010-050,146100,14610,1.2,8,0.002643000362932958,18361.0
050-100,8700,870,1.4,16,0.005309115722218469,3945.0
100+,3050,305,1.8,32,0.014996580946230886,484.0
