,high,low,lambda_start,lambda_end,frequency_factor,total
005,16950000,1695000,1.0,2,6.532284593384537e-05,2523680.0
005-009,855000,85500,1.1,4,0.0007477459239680241,140126.0
010-050,146100,14610,1.2,8,0.003018602259141283,16063.0
050-100,8700,870,1.4,16,0.004717402052546828,4283.0
100+,3050,305,1.8,32,0.01664759583977236,485.0
