,high,low,lambda_start,lambda_end,frequency_factor,total
005,16950000,1695000,1.0,2,1.4549390113304388e-05,11324545.0
005-009,855000,85500,1.1,4,0.0011082006406251735,94201.0
010-050,146100,14610,1.2,8,0.0012467415310701906,38996.0
050-100,8700,870,1.4,16,0.0153047886374243,1317.0
100+,3050,305,1.8,32,0.022628223674980696,322.0
