,high,low,lambda_start,lambda_end,frequency_factor,total
005,16950000,1695000,1.0,2,9.359480361479271e-05,1762690.0
005-009,855000,85500,1.1,4,0.00038841564977537237,269758.0
010-050,146100,14610,1.2,8,0.00039127936373988323,123676.0
050-100,8700,870,1.4,16,0.02308543150129948,912.0
100+,3050,305,1.8,32,0.01891839665576025,372.0
