,high,low,lambda_start,lambda_end,frequency_factor,total
005,16950000,1695000,1.0,2,8.637069336109055e-05,1909809.0
005-009,855000,85500,1.1,4,0.0006211001799027897,168778.0
010-050,146100,14610,1.2,8,0.0017130203906500182,28116.0
050-100,8700,870,1.4,16,0.013683001793546866,1499.0
100+,3050,305,1.8,32,0.0032512807981466864,2473.0
