,high,low,lambda_start,lambda_end,frequency_factor,total
005,16950000,1695000,1.0,2,1.1135613477535208e-05,14810761.0
005-009,855000,85500,1.1,4,0.0011728592707312773,89197.0
010-050,146100,14610,1.2,8,0.0009759131129238703,50006.0
050-100,8700,870,1.4,16,0.009809921805122076,2057.0
100+,3050,305,1.8,32,0.01822207450400981,430.0
