,high,low,lambda_start,lambda_end,frequency_factor,total
005,16950000,1695000,1.0,2,3.8207614834581795e-05,4310882.0
005-009,855000,85500,1.1,4,0.0008904758798702913,116752.0
010-050,146100,14610,1.2,8,0.0010109610390554656,48201.0
050-100,8700,870,1.4,16,0.019677685807024888,1028.0
100+,3050,305,1.8,32,0.01123694787510256,696.0
