,high,low,lambda_start,lambda_end,frequency_factor,total
005,16950000,1695000,1.0,2,6.608936788807952e-05,2495294.0
005-009,855000,85500,1.1,4,0.00032518219933162237,322015.0
010-050,146100,14610,1.2,8,0.0028528997304725274,16993.0
050-100,8700,870,1.4,16,0.021898431433041935,961.0
100+,3050,305,1.8,32,0.018561070229787115,438.0
