,high,low,lambda_start,lambda_end,frequency_factor,total
005,16950000,1695000,1.0,2,4.673294212358042e-05,3526078.0
005-009,855000,85500,1.1,4,0.001080913119483044,97037.0
010-050,146100,14610,1.2,8,0.0020440257138055937,23642.0
050-100,8700,870,1.4,16,0.01338611521862832,1483.0
100+,3050,305,1.8,32,0.0032418603369559385,2416.0
