,high,low,lambda_start,lambda_end,frequency_factor,total
005,16950000,1695000,1.0,2,1.0543786143739965e-05,15635450.0
005-009,855000,85500,1.1,4,0.0006441809374336835,163088.0
010-050,146100,14610,1.2,8,0.0005266335762400577,91833.0
050-100,8700,870,1.4,16,0.020419341996829064,989.0
100+,3050,305,1.8,32,0.00912356421702628,912.0
