,high,low,lambda_start,lambda_end,frequency_factor,total
005,16950000,1695000,1.0,2,9.879844635379207e-06,16690434.0
005-009,855000,85500,1.1,4,0.001066570259794841,98436.0
010-050,146100,14610,1.2,8,0.0024311489202204764,20022.0
050-100,8700,870,1.4,16,0.0035040704289151536,5861.0
100+,3050,305,1.8,32,0.004332754515913414,1815.0
