,high,low,lambda_start,lambda_end,frequency_factor,total
005,16950000,1695000,1.0,2,1.738958513244191e-05,9480768.0
005-009,855000,85500,1.1,4,0.0010851309905969193,96478.0
010-050,146100,14610,1.2,8,0.0031122184325099974,15647.0
050-100,8700,870,1.4,16,0.012177982021070151,1669.0
100+,3050,305,1.8,32,0.007424804186533825,1068.0
