,high,low,lambda_start,lambda_end,frequency_factor,total
005,16950000,1695000,1.0,2,2.2337189672983303e-05,7380972.0
005-009,855000,85500,1.1,4,0.0008550161000951074,122524.0
010-050,146100,14610,1.2,8,0.0023862364113731538,20349.0
050-100,8700,870,1.4,16,0.004921222120517633,4113.0
100+,3050,305,1.8,32,0.0037093717375633038,2181.0
