,high,low,lambda_start,lambda_end,frequency_factor,total
005,16950000,1695000,1.0,2,5.9919945612675667e-05,2750049.0
005-009,855000,85500,1.1,4,0.0003841140062472211,272144.0
010-050,146100,14610,1.2,8,0.0007764482248977453,62352.0
050-100,8700,870,1.4,16,0.0046770685390233125,4361.0
100+,3050,305,1.8,32,0.0034442406058937526,2221.0
