,high,low,lambda_start,lambda_end,frequency_factor,total
005,16950000,1695000,1.0,2,7.160390420598629e-05,2304010.0
005-009,855000,85500,1.1,4,0.00018524599649447722,566271.0
010-050,146100,14610,1.2,8,0.0026833431588200473,18100.0
050-100,8700,870,1.4,16,0.016409216090366295,1257.0
100+,3050,305,1.8,32,0.016370800379093758,467.0
