,high,low,lambda_start,lambda_end,frequency_factor,total
005,16950000,1695000,1.0,2,9.216019099422162e-05,1788268.0
005-009,855000,85500,1.1,4,0.0004930676863368391,212519.0
010-050,146100,14610,1.2,8,0.0018538760980823287,26130.0
050-100,8700,870,1.4,16,0.0025182174978549457,8007.0
100+,3050,305,1.8,32,0.01998581709222411,368.0
