,high,low,lambda_start,lambda_end,frequency_factor,total
005,16950000,1695000,1.0,2,8.954300022539528e-05,1838621.0
005-009,855000,85500,1.1,4,0.0007883211099367343,132934.0
010-050,146100,14610,1.2,8,0.002674577588665543,17935.0
050-100,8700,870,1.4,16,0.017341844970695085,1202.0
100+,3050,305,1.8,32,0.005588857730215563,1376.0
