,high,low,lambda_start,lambda_end,frequency_factor,total
005,16950000,1695000,1.0,2,7.04320835602662e-05,2338779.0
005-009,855000,85500,1.1,4,0.0010728794545027895,97829.0
010-050,146100,14610,1.2,8,0.003038991284620262,15980.0
050-100,8700,870,1.4,16,0.022487001850392218,874.0
100+,3050,305,1.8,32,0.022937217669140097,368.0
