,high,low,lambda_start,lambda_end,frequency_factor,total
005,16950000,1695000,1.0,2,1.4369375055415043e-05,11472067.0
005-009,855000,85500,1.1,4,0.000952230724559989,110428.0
010-050,146100,14610,1.2,8,0.0018400876295848428,26396.0
050-100,8700,870,1.4,16,0.005162641692447945,4025.0
100+,3050,305,1.8,32,0.0076301260077350636,1044.0
