,high,low,lambda_start,lambda_end,frequency_factor,total
005,16950000,1695000,1.0,2,3.0987346564902684e-05,5314916.0
005-009,855000,85500,1.1,4,0.0002333810574808834,449206.0
010-050,146100,14610,1.2,8,0.000549248514476582,88398.0
050-100,8700,870,1.4,16,0.01292495637468873,1577.0
100+,3050,305,1.8,32,0.017828983195389867,417.0
