,high,low,lambda_start,lambda_end,frequency_factor,total
005,16950000,1695000,1.0,2,7.647901342784122e-05,2157213.0
005-009,855000,85500,1.1,4,0.00044734884868861144,235043.0
010-050,146100,14610,1.2,8,0.00138234235169104,35418.0
050-100,8700,870,1.4,16,0.006845054105935856,2894.0
100+,3050,305,1.8,32,0.02189104472149176,353.0
