,high,low,lambda_start,lambda_end,frequency_factor,total
005,16950000,1695000,1.0,2,6.840923521872942e-05,2408982.0
005-009,855000,85500,1.1,4,0.00016320611931337794,641909.0
010-050,146100,14610,1.2,8,0.0017260140591171865,28211.0
050-100,8700,870,1.4,16,0.013146595180311927,1550.0
100+,3050,305,1.8,32,0.017926014686008348,453.0
