,high,low,lambda_start,lambda_end,frequency_factor,total
005,16950000,1695000,1.0,2,5.978217774822541e-05,2757757.0
005-009,855000,85500,1.1,4,0.0011156176482369066,94142.0
010-050,146100,14610,1.2,8,0.0018167546211784054,26815.0
050-100,8700,870,1.4,16,0.006073189466906312,3370.0
100+,3050,305,1.8,32,0.010602404168543543,726.0
