,high,low,lambda_start,lambda_end,frequency_factor,total
005,16950000,1695000,1.0,2,3.583302457348835e-05,4603246.0
005-009,855000,85500,1.1,4,0.0005839644039254514,179456.0
010-050,146100,14610,1.2,8,0.0022845840516014905,21403.0
050-100,8700,870,1.4,16,0.02036161599732882,960.0
100+,3050,305,1.8,32,0.002992350141848171,2648.0
