,high,low,lambda_start,lambda_end,frequency_factor,total
005,16950000,1695000,1.0,2,9.059902193880723e-05,1821152.0
005-009,855000,85500,1.1,4,0.0007388042454768997,141801.0
010-050,146100,14610,1.2,8,0.00043904544626580073,110898.0
050-100,8700,870,1.4,16,0.019788825001259152,1067.0
100+,3050,305,1.8,32,0.02370740623922548,314.0
