,high,low,lambda_start,lambda_end,frequency_factor,total
005,16950000,1695000,1.0,2,1.228492809424092e-05,13413978.0
005-009,855000,85500,1.1,4,0.0003471812027058849,301425.0
010-050,146100,14610,1.2,8,0.0024096826834308356,19943.0
050-100,8700,870,1.4,16,0.0027519565117817787,7583.0
100+,3050,305,1.8,32,0.011088408320108201,680.0
