,high,low,lambda_start,lambda_end,frequency_factor,total
005,16950000,1695000,1.0,2,1.4545686397259271e-05,11336386.0
005-009,855000,85500,1.1,4,0.0012157018821987685,86333.0
010-050,146100,14610,1.2,8,0.0005764707774371914,84056.0
050-100,8700,870,1.4,16,0.017995515155064028,1153.0
100+,3050,305,1.8,32,0.012335066666129452,625.0
