,high,low,lambda_start,lambda_end,frequency_factor,total
005,16950000,1695000,1.0,2,8.689898225315534e-05,1898262.0
005-009,855000,85500,1.1,4,0.0002622212036465882,400499.0
010-050,146100,14610,1.2,8,0.0009714265881974602,50348.0
050-100,8700,870,1.4,16,0.004008703544733016,5201.0
100+,3050,305,1.8,32,0.0061697102523538844,1342.0
