,high,low,lambda_start,lambda_end,frequency_factor,total
005,16950000,1695000,1.0,2,8.876574591015802e-05,1857427.0
005-009,855000,85500,1.1,4,0.0001321883374900929,792295.0
010-050,146100,14610,1.2,8,0.002178393206962119,22368.0
050-100,8700,870,1.4,16,0.012261597480119282,1634.0
100+,3050,305,1.8,32,0.013179800426332627,574.0
