,high,low,lambda_start,lambda_end,frequency_factor,total
005,16950000,1695000,1.0,2,1.91634549896267e-05,8605917.0
005-009,855000,85500,1.1,4,0.00025318305221475447,413856.0
010-050,146100,14610,1.2,8,0.0009925545261760093,48919.0
050-100,8700,870,1.4,16,0.009066449651482143,2213.0
100+,3050,305,1.8,32,0.022288719112567714,333.0
