,high,low,lambda_start,lambda_end,frequency_factor,total
005,16950000,1695000,1.0,2,8.260975855448727e-05,1995049.0
005-009,855000,85500,1.1,4,0.00045876693897194516,227739.0
010-050,146100,14610,1.2,8,0.002059663401064075,23647.0
050-100,8700,870,1.4,16,0.01327763749386099,1504.0
100+,3050,305,1.8,32,0.009199430722516456,801.0
