,high,low,lambda_start,lambda_end,frequency_factor,total
005,16950000,1695000,1.0,2,5.128620150294303e-05,3213978.0
005-009,855000,85500,1.1,4,0.0012001826387404784,87482.0
010-050,146100,14610,1.2,8,0.000859560467556645,56388.0
050-100,8700,870,1.4,16,0.020312507111605704,1012.0
100+,3050,305,1.8,32,0.002839896062706462,2693.0
