,high,low,lambda_start,lambda_end,frequency_factor,total
005,16950000,1695000,1.0,2,7.227397872123443e-05,2280970.0
005-009,855000,85500,1.1,4,0.0002710178797514002,386036.0
010-050,146100,14610,1.2,8,0.0032809057986628062,14863.0
050-100,8700,870,1.4,16,0.015588604617127409,1334.0
100+,3050,305,1.8,32,0.004223642027230129,1905.0
