,high,low,lambda_start,lambda_end,frequency_factor,total
005,16950000,1695000,1.0,2,1.8272603322162886e-05,9021310.0
005-009,855000,85500,1.1,4,0.0011825670737961827,88513.0
010-050,146100,14610,1.2,8,0.00042698380439544227,113377.0
050-100,8700,870,1.4,16,0.01685438233643038,1101.0
100+,3050,305,1.8,32,0.018903261227820427,405.0
