,high,low,lambda_start,lambda_end,frequency_factor,total
005,16950000,1695000,1.0,2,9.474773651096064e-05,1739977.0
005-009,855000,85500,1.1,4,0.000646455440052544,162146.0
010-050,146100,14610,1.2,8,0.0014138718692368888,34164.0
050-100,8700,870,1.4,16,0.02012329464977619,1012.0
100+,3050,305,1.8,32,0.004941833955126488,1572.0
