,high,low,lambda_start,lambda_end,frequency_factor,total
005,16950000,1695000,1.0,2,1.616722200572382e-05,10196137.0
005-009,855000,85500,1.1,4,0.00037629597075309424,278675.0
010-050,146100,14610,1.2,8,0.0016185232405017261,30131.0
050-100,8700,870,1.4,16,0.011721442806989606,1710.0
100+,3050,305,1.8,32,0.019648063853627048,417.0
