,high,low,lambda_start,lambda_end,frequency_factor,total
005,16950000,1695000,1.0,2,8.726755317652466e-05,1888403.0
005-009,855000,85500,1.1,4,0.00020129822900493316,520038.0
010-050,146100,14610,1.2,8,0.0027870238344850917,17535.0
050-100,8700,870,1.4,16,0.007723718713008715,2661.0
100+,3050,305,1.8,32,0.01424865654472103,554.0
