,high,low,lambda_start,lambda_end,frequency_factor,total
005,16950000,1695000,1.0,2,6.178657037614938e-05,2669776.0
005-009,855000,85500,1.1,4,0.0006354105698285245,165303.0
010-050,146100,14610,1.2,8,0.002733364966415907,17807.0
050-100,8700,870,1.4,16,0.003820221515917347,5304.0
100+,3050,305,1.8,32,0.004528793789046761,1767.0
