,high,low,lambda_start,lambda_end,frequency_factor,total
005,16950000,1695000,1.0,2,3.3357426504961915e-05,4942508.0
005-009,855000,85500,1.1,4,0.0005039811418799528,208674.0
010-050,146100,14610,1.2,8,0.0004701561397068569,103725.0
050-100,8700,870,1.4,16,0.015494618042576642,1297.0
100+,3050,305,1.8,32,0.00753625547087894,1037.0
