,high,low,lambda_start,lambda_end,frequency_factor,total
005,16950000,1695000,1.0,2,5.4828553152458494e-05,3009090.0
005-009,855000,85500,1.1,4,0.00013731169706749234,763959.0
010-050,146100,14610,1.2,8,0.0022684599770437927,21265.0
050-100,8700,870,1.4,16,0.0026488700743932574,7708.0
100+,3050,305,1.8,32,0.010553788687476294,781.0
