,high,low,lambda_start,lambda_end,frequency_factor,total
005,16950000,1695000,1.0,2,6.926951552854596e-05,2382502.0
005-009,855000,85500,1.1,4,0.0009875347220129902,106027.0
010-050,146100,14610,1.2,8,0.0012491064179594705,38356.0
050-100,8700,870,1.4,16,0.003390385873101671,6188.0
100+,3050,305,1.8,32,0.007404808271522717,1076.0
