,high,low,lambda_start,lambda_end,frequency_factor,total
005,16950000,1695000,1.0,2,3.293377760680943e-05,5005580.0
005-009,855000,85500,1.1,4,0.00018009883608563352,581982.0
010-050,146100,14610,1.2,8,0.0032345179775101593,15129.0
050-100,8700,870,1.4,16,0.019859905825206036,998.0
100+,3050,305,1.8,32,0.0036329105855499445,2120.0
