,high,low,lambda_start,lambda_end,frequency_factor,total
005,16950000,1695000,1.0,2,5.8220018217545184e-05,2834883.0
005-009,855000,85500,1.1,4,0.000900745859329208,115971.0
010-050,146100,14610,1.2,8,0.0021933313664918666,22046.0
050-100,8700,870,1.4,16,0.02122042045221617,996.0
100+,3050,305,1.8,32,0.004437562986702402,1715.0
