,high,low,lambda_start,lambda_end,frequency_factor,total
005,16950000,1695000,1.0,2,9.098739658338652e-05,1812662.0
005-009,855000,85500,1.1,4,0.0006352392807420446,165273.0
010-050,146100,14610,1.2,8,0.0017888629755845793,27112.0
050-100,8700,870,1.4,16,0.0036367615467772117,5636.0
100+,3050,305,1.8,32,0.0027919518977692456,2891.0
