,high,low,lambda_start,lambda_end,frequency_factor,total
005,16950000,1695000,1.0,2,6.452315226031006e-05,2554748.0
005-009,855000,85500,1.1,4,0.00034435331178088685,303825.0
010-050,146100,14610,1.2,8,0.00043150031311619446,112659.0
050-100,8700,870,1.4,16,0.007305000397554144,2825.0
100+,3050,305,1.8,32,0.016790956682574902,439.0
