,high,low,lambda_start,lambda_end,frequency_factor,total
005,16950000,1695000,1.0,2,1.20675435391688e-05,13668947.0
005-009,855000,85500,1.1,4,0.0011703168410924546,89691.0
010-050,146100,14610,1.2,8,0.0028852237100622587,16806.0
050-100,8700,870,1.4,16,0.011665398140050494,1694.0
100+,3050,305,1.8,32,0.008871707408457427,889.0
