,high,low,lambda_start,lambda_end,frequency_factor,total
005,16950000,1695000,1.0,2,4.3466292084242196e-05,3789657.0
005-009,855000,85500,1.1,4,0.0003523406208931105,298146.0
010-050,146100,14610,1.2,8,0.0008175368878031719,59724.0
050-100,8700,870,1.4,16,0.0031359043491083934,6507.0
100+,3050,305,1.8,32,0.002644252707398574,2966.0
