,high,low,lambda_start,lambda_end,frequency_factor,total
005,16950000,1695000,1.0,2,4.74314929020946e-05,3472654.0
005-009,855000,85500,1.1,4,0.0010875828379013728,96262.0
010-050,146100,14610,1.2,8,0.0003842853679753219,126499.0
050-100,8700,870,1.4,16,0.01363254084119925,1485.0
100+,3050,305,1.8,32,0.007566002873564819,1040.0
