,high,low,lambda_start,lambda_end,frequency_factor,total
005,16950000,1695000,1.0,2,8.34364228094433e-05,1976223.0
005-009,855000,85500,1.1,4,0.0005565732261914834,188012.0
010-050,146100,14610,1.2,8,0.00045875658318318067,105634.0
050-100,8700,870,1.4,16,0.009597525660560052,2164.0
100+,3050,305,1.8,32,0.018980577826040478,433.0
