,high,low,lambda_start,lambda_end,frequency_factor,total
005,16950000,1695000,1.0,2,5.8806326517123295e-05,2801549.0
005-009,855000,85500,1.1,4,0.0005244157583024542,199421.0
010-050,146100,14610,1.2,8,0.0009321574326542393,52097.0
050-100,8700,870,1.4,16,0.02091256544375322,979.0
100+,3050,305,1.8,32,0.009715490660244575,832.0
