,high,low,lambda_start,lambda_end,frequency_factor,total
005,16950000,1695000,1.0,2,2.881089222287946e-05,5725356.0
005-009,855000,85500,1.1,4,0.0001509930195973767,693683.0
010-050,146100,14610,1.2,8,0.0013783331659011555,35525.0
050-100,8700,870,1.4,16,0.016614859358158502,1211.0
100+,3050,305,1.8,32,0.004605784114735155,1743.0
