,high,low,lambda_start,lambda_end,frequency_factor,total
005,16950000,1695000,1.0,2,5.4786352217236876e-05,3010136.0
005-009,855000,85500,1.1,4,0.0010900970238778048,96085.0
010-050,146100,14610,1.2,8,0.0005458872174204422,88716.0
050-100,8700,870,1.4,16,0.010171915253585722,2022.0
100+,3050,305,1.8,32,0.005250212804537419,1559.0
