,high,low,lambda_start,lambda_end,frequency_factor,total
005,16950000,1695000,1.0,2,4.8123268638176875e-05,3424461.0
005-009,855000,85500,1.1,4,0.00040966901835095827,255261.0
010-050,146100,14610,1.2,8,0.00235408395385099,20450.0
050-100,8700,870,1.4,16,0.01728002755042735,1183.0
100+,3050,305,1.8,32,0.017596195741385424,465.0
