,high,low,lambda_start,lambda_end,frequency_factor,total
005,16950000,1695000,1.0,2,7.928820078526938e-05,2079861.0
005-009,855000,85500,1.1,4,0.0005629483184499994,186499.0
010-050,146100,14610,1.2,8,0.000502781398390914,97224.0
050-100,8700,870,1.4,16,0.0068203297912609335,3019.0
100+,3050,305,1.8,32,0.012776277197306148,606.0
