,high,low,lambda_start,lambda_end,frequency_factor,total
005,16950000,1695000,1.0,2,9.946302533554255e-06,16579396.0
005-009,855000,85500,1.1,4,0.0001335739625006886,783833.0
010-050,146100,14610,1.2,8,0.002983112490840292,16339.0
050-100,8700,870,1.4,16,0.017286162225805805,1147.0
100+,3050,305,1.8,32,0.010424393692444408,771.0
