,high,low,lambda_start,lambda_end,frequency_factor,total
005,16950000,1695000,1.0,2,3.5141033265681254e-05,4688193.0
005-009,855000,85500,1.1,4,0.0009249200401699284,112833.0
010-050,146100,14610,1.2,8,0.0022314276823797775,21704.0
050-100,8700,870,1.4,16,0.01906075751301709,1074.0
100+,3050,305,1.8,32,0.018524381499805863,401.0
