,high,low,lambda_start,lambda_end,frequency_factor,total
005,16950000,1695000,1.0,2,8.340214940137034e-05,1978457.0
005-009,855000,85500,1.1,4,0.0005434658142222996,191518.0
010-050,146100,14610,1.2,8,0.0005631478860459413,86143.0
050-100,8700,870,1.4,16,0.02095533929072234,982.0
100+,3050,305,1.8,32,0.01338659350589754,577.0
