,high,low,lambda_start,lambda_end,frequency_factor,total
005,16950000,1695000,1.0,2,1.5082465827548158e-05,10935049.0
005-009,855000,85500,1.1,4,0.0008951338439027285,116709.0
010-050,146100,14610,1.2,8,0.003074622550613708,15801.0
050-100,8700,870,1.4,16,0.008837242387758097,2319.0
100+,3050,305,1.8,32,0.009761469861453514,767.0
