,high,low,lambda_start,lambda_end,frequency_factor,total
005,16950000,1695000,1.0,2,1.947209927980036e-05,8463924.0
005-009,855000,85500,1.1,4,0.0010026514463872328,103831.0
010-050,146100,14610,1.2,8,0.0004206486650318783,114867.0
050-100,8700,870,1.4,16,0.005160462244262848,3893.0
100+,3050,305,1.8,32,0.0037721090579570125,2078.0
