,high,low,lambda_start,lambda_end,frequency_factor,total
005,16950000,1695000,1.0,2,7.493468878578669e-05,2200479.0
005-009,855000,85500,1.1,4,0.0008240716596453285,127358.0
010-050,146100,14610,1.2,8,0.002644608456077019,18638.0
050-100,8700,870,1.4,16,0.010349710313320147,1959.0
100+,3050,305,1.8,32,0.011458992443850697,660.0
