,high,low,lambda_start,lambda_end,frequency_factor,total
005,16950000,1695000,1.0,2,9.469463851715901e-05,1740561.0
005-009,855000,85500,1.1,4,0.0006273609604646732,167086.0
010-050,146100,14610,1.2,8,0.0003607005476446372,134648.0
050-100,8700,870,1.4,16,0.01931697778574275,1090.0
100+,3050,305,1.8,32,0.02396245577600269,358.0
