,high,low,lambda_start,lambda_end,frequency_factor,total
005,16950000,1695000,1.0,2,7.889379970724254e-05,2090473.0
005-009,855000,85500,1.1,4,0.0009328491937702835,111752.0
010-050,146100,14610,1.2,8,0.00048331237439914624,99772.0
050-100,8700,870,1.4,16,0.02259805900755143,910.0
100+,3050,305,1.8,32,0.012631392675439822,637.0
