,high,low,lambda_start,lambda_end,frequency_factor,total
005,16950000,1695000,1.0,2,1.0915937981403579e-05,15099746.0
005-009,855000,85500,1.1,4,0.0008928228744128646,117208.0
010-050,146100,14610,1.2,8,0.0003888213156678987,125189.0
050-100,8700,870,1.4,16,0.003029166153398557,6679.0
100+,3050,305,1.8,32,0.008542299472926587,936.0
