,high,low,lambda_start,lambda_end,frequency_factor,total
005,16950000,1695000,1.0,2,3.630100806206887e-05,4542968.0
005-009,855000,85500,1.1,4,0.0011498075232886894,91235.0
010-050,146100,14610,1.2,8,0.001751568943512157,27830.0
050-100,8700,870,1.4,16,0.008607481211162019,2306.0
100+,3050,305,1.8,32,0.014379598319760704,547.0
