,high,low,lambda_start,lambda_end,frequency_factor,total
005,16950000,1695000,1.0,2,2.9010131539341185e-05,5681578.0
005-009,855000,85500,1.1,4,0.001196579554635187,87640.0
010-050,146100,14610,1.2,8,0.002832680947630664,17058.0
050-100,8700,870,1.4,16,0.0028669999602764255,7208.0
100+,3050,305,1.8,32,0.01048728720797973,791.0
