,high,low,lambda_start,lambda_end,frequency_factor,total
005,16950000,1695000,1.0,2,1.234789867162389e-05,13357100.0
005-009,855000,85500,1.1,4,0.0001409358069299694,745050.0
010-050,146100,14610,1.2,8,0.000547746187305548,88897.0
050-100,8700,870,1.4,16,0.003756282864344014,5345.0
100+,3050,305,1.8,32,0.020463897471400986,419.0
