,high,low,lambda_start,lambda_end,frequency_factor,total
005,16950000,1695000,1.0,2,3.0170931011253017e-05,5465694.0
005-009,855000,85500,1.1,4,0.001180204543913548,88825.0
010-050,146100,14610,1.2,8,0.0011176786613345667,43232.0
050-100,8700,870,1.4,16,0.010567931805917502,1839.0
100+,3050,305,1.8,32,0.0028042972040844562,2681.0
