,high,low,lambda_start,lambda_end,frequency_factor,total
005,16950000,1695000,1.0,2,3.870064491994332e-05,4258707.0
005-009,855000,85500,1.1,4,0.0010046610290093767,104342.0
010-050,146100,14610,1.2,8,0.0009956816415488956,49025.0
050-100,8700,870,1.4,16,0.009939321915244863,2136.0
100+,3050,305,1.8,32,0.013639811491148514,579.0
