,high,low,lambda_start,lambda_end,frequency_factor,total
005,16950000,1695000,1.0,2,1.8942081970974427e-05,8703039.0
005-009,855000,85500,1.1,4,0.0011301299474850786,92720.0
010-050,146100,14610,1.2,8,0.0010660527180830247,45800.0
050-100,8700,870,1.4,16,0.005245911505810985,3736.0
100+,3050,305,1.8,32,0.025140235448552397,309.0
