,high,low,lambda_start,lambda_end,frequency_factor,total
005,16950000,1695000,1.0,2,7.021977426849685e-05,2347169.0
005-009,855000,85500,1.1,4,0.0011392518879204429,91745.0
010-050,146100,14610,1.2,8,0.0021176643511092766,23151.0
050-100,8700,870,1.4,16,0.0035706637055724767,5796.0
100+,3050,305,1.8,32,0.022832059052509696,359.0
