,high,low,lambda_start,lambda_end,frequency_factor,total
005,16950000,1695000,1.0,2,1.687627097350028e-05,9766830.0
005-009,855000,85500,1.1,4,0.00021521324850753303,486549.0
010-050,146100,14610,1.2,8,0.0012497695199039799,38773.0
050-100,8700,870,1.4,16,0.002975852095328666,6976.0
100+,3050,305,1.8,32,0.004192989002305599,1854.0
