,high,low,lambda_start,lambda_end,frequency_factor,total
005,16950000,1695000,1.0,2,6.517126649000362e-05,2527652.0
005-009,855000,85500,1.1,4,0.0007774065464188857,134867.0
010-050,146100,14610,1.2,8,0.0011674951017087865,41686.0
050-100,8700,870,1.4,16,0.01069761290391217,1884.0
100+,3050,305,1.8,32,0.003994594228349004,1874.0
