,high,low,lambda_start,lambda_end,frequency_factor,total
005,16950000,1695000,1.0,2,7.49685832931252e-05,2198532.0
005-009,855000,85500,1.1,4,0.000883602653219111,118921.0
010-050,146100,14610,1.2,8,0.0012675273139256603,38652.0
050-100,8700,870,1.4,16,0.011671907995323793,1755.0
100+,3050,305,1.8,32,0.010805049607116108,737.0
