,high,low,lambda_start,lambda_end,frequency_factor,total
005,16950000,1695000,1.0,2,6.893417928718972e-05,2393597.0
005-009,855000,85500,1.1,4,0.0001579278973971882,662596.0
010-050,146100,14610,1.2,8,0.003037313764145305,15891.0
050-100,8700,870,1.4,16,0.003573920477082115,5719.0
100+,3050,305,1.8,32,0.013701736266309314,605.0
