,high,low,lambda_start,lambda_end,frequency_factor,total
005,16950000,1695000,1.0,2,9.069595879212275e-05,1818780.0
005-009,855000,85500,1.1,4,0.00018190083791855613,575451.0
010-050,146100,14610,1.2,8,0.00046394167881922435,104752.0
050-100,8700,870,1.4,16,0.011839202715612777,1646.0
100+,3050,305,1.8,32,0.007305862338428397,1096.0
