,high,low,lambda_start,lambda_end,frequency_factor,total
005,16950000,1695000,1.0,2,1.877600863117252e-05,8780656.0
005-009,855000,85500,1.1,4,0.0001484663378232363,705900.0
010-050,146100,14610,1.2,8,0.0003382968716145616,143956.0
050-100,8700,870,1.4,16,0.004858791439572777,4294.0
100+,3050,305,1.8,32,0.0035698011181807526,2066.0
