,high,low,lambda_start,lambda_end,frequency_factor,total
005,16950000,1695000,1.0,2,5.928809037074376e-05,2781595.0
005-009,855000,85500,1.1,4,0.0007109280941750473,148236.0
010-050,146100,14610,1.2,8,0.0026536312637256035,18395.0
050-100,8700,870,1.4,16,0.021241215106608837,990.0
100+,3050,305,1.8,32,0.02082223555430622,379.0
