,high,low,lambda_start,lambda_end,frequency_factor,total
005,16950000,1695000,1.0,2,1.1466053236380438e-05,14377582.0
005-009,855000,85500,1.1,4,0.0011349447894474173,92322.0
010-050,146100,14610,1.2,8,0.0028751376960117815,16865.0
050-100,8700,870,1.4,16,0.015620674438988388,1323.0
100+,3050,305,1.8,32,0.003263126598104264,2370.0
