,high,low,lambda_start,lambda_end,frequency_factor,total
005,16950000,1695000,1.0,2,6.105186682144785e-05,2699510.0
005-009,855000,85500,1.1,4,0.00015207445209476934,689722.0
010-050,146100,14610,1.2,8,0.0008222561232114346,59175.0
050-100,8700,870,1.4,16,0.0026300425779542218,7780.0
100+,3050,305,1.8,32,0.020121713332035947,376.0
