,high,low,lambda_start,lambda_end,frequency_factor,total
005,16950000,1695000,1.0,2,7.989732494569168e-05,2062414.0
005-009,855000,85500,1.1,4,0.0003213143573016881,326155.0
010-050,146100,14610,1.2,8,0.0014331705854357792,33695.0
050-100,8700,870,1.4,16,0.010192324454865733,1998.0
100+,3050,305,1.8,32,0.009954615669347655,754.0
