,high,low,lambda_start,lambda_end,frequency_factor,total
005,16950000,1695000,1.0,2,8.47027550854476e-05,1947310.0
005-009,855000,85500,1.1,4,0.00023084327473398355,453897.0
010-050,146100,14610,1.2,8,0.001013499021971245,47880.0
050-100,8700,870,1.4,16,0.007506772531663464,2681.0
100+,3050,305,1.8,32,0.012632465520800794,588.0
