,high,low,lambda_start,lambda_end,frequency_factor,total
005,16950000,1695000,1.0,2,4.048920678521029e-05,4071595.0
005-009,855000,85500,1.1,4,0.0011944142258924282,86967.0
010-050,146100,14610,1.2,8,0.003222616935426311,15094.0
050-100,8700,870,1.4,16,0.02088182777794919,1001.0
100+,3050,305,1.8,32,0.011502511072268842,645.0
