,high,low,lambda_start,lambda_end,frequency_factor,total
005,16950000,1695000,1.0,2,1.5002051181924697e-05,10990593.0
005-009,855000,85500,1.1,4,0.0001869872134287713,559507.0
010-050,146100,14610,1.2,8,0.00066939198537655,73004.0
050-100,8700,870,1.4,16,0.02039316569604688,1011.0
100+,3050,305,1.8,32,0.012045979433603273,647.0
