,high,low,lambda_start,lambda_end,frequency_factor,total
005,16950000,1695000,1.0,2,5.325859504878772e-05,3094618.0
005-009,855000,85500,1.1,4,0.0005081736041889464,206216.0
010-050,146100,14610,1.2,8,0.001528188212033019,31802.0
050-100,8700,870,1.4,16,0.013043753593140346,1605.0
100+,3050,305,1.8,32,0.002715037058254323,2888.0
