,high,low,lambda_start,lambda_end,frequency_factor,total
005,16950000,1695000,1.0,2,9.532327192874015e-05,1729195.0
005-009,855000,85500,1.1,4,0.0001385060477527826,755629.0
010-050,146100,14610,1.2,8,0.0024841366802489063,19311.0
050-100,8700,870,1.4,16,0.012549372738066066,1676.0
100+,3050,305,1.8,32,0.014272296356936743,510.0
