,high,low,lambda_start,lambda_end,frequency_factor,total
005,16950000,1695000,1.0,2,4.6213153512339064e-05,3567225.0
005-009,855000,85500,1.1,4,0.001119441466945581,93554.0
010-050,146100,14610,1.2,8,0.00230240737945356,21088.0
050-100,8700,870,1.4,16,0.01234639867085274,1670.0
100+,3050,305,1.8,32,0.011782191339506878,674.0
