,high,low,lambda_start,lambda_end,frequency_factor,total
005,16950000,1695000,1.0,2,7.167766064519713e-05,2301555.0
005-009,855000,85500,1.1,4,0.0009256350478248251,113277.0
010-050,146100,14610,1.2,8,0.0022595695215730186,21318.0
050-100,8700,870,1.4,16,0.007525652211729717,2775.0
100+,3050,305,1.8,32,0.019567855146611777,412.0
