,high,low,lambda_start,lambda_end,frequency_factor,total
005,16950000,1695000,1.0,2,7.738260580211373e-05,2132073.0
005-009,855000,85500,1.1,4,0.0001442803172659518,725489.0
010-050,146100,14610,1.2,8,0.0013177278743383982,36882.0
050-100,8700,870,1.4,16,0.016633470883975737,1198.0
100+,3050,305,1.8,32,0.010663101193212066,706.0
