,high,low,lambda_start,lambda_end,frequency_factor,total
005,16950000,1695000,1.0,2,8.429084059640167e-05,1956616.0
005-009,855000,85500,1.1,4,0.0003175288008281226,330755.0
010-050,146100,14610,1.2,8,0.0006792847773735494,71719.0
050-100,8700,870,1.4,16,0.009200376457861509,2246.0
100+,3050,305,1.8,32,0.014653513276953203,525.0
