,high,low,lambda_start,lambda_end,frequency_factor,total
005,16950000,1695000,1.0,2,3.3761426764043433e-05,4882109.0
005-009,855000,85500,1.1,4,0.0006878820917110322,152777.0
010-050,146100,14610,1.2,8,0.0008422312393262861,57901.0
050-100,8700,870,1.4,16,0.012507005624823292,1573.0
100+,3050,305,1.8,32,0.015759487446477358,465.0
