,high,low,lambda_start,lambda_end,frequency_factor,total
005,16950000,1695000,1.0,2,5.695747111593414e-05,2897345.0
005-009,855000,85500,1.1,4,0.000841354129782054,124035.0
010-050,146100,14610,1.2,8,0.000430666765588552,112978.0
050-100,8700,870,1.4,16,0.015112377639629889,1333.0
100+,3050,305,1.8,32,0.00530159059255793,1435.0
