,high,low,lambda_start,lambda_end,frequency_factor,total
005,16950000,1695000,1.0,2,2.5038504207387776e-05,6581534.0
005-009,855000,85500,1.1,4,0.0011130374624355038,94246.0
010-050,146100,14610,1.2,8,0.0005582193049552015,87388.0
050-100,8700,870,1.4,16,0.003722881029590917,5589.0
100+,3050,305,1.8,32,0.014183944281184671,556.0
