,high,low,lambda_start,lambda_end,frequency_factor,total
005,16950000,1695000,1.0,2,3.630040732621296e-05,4541095.0
005-009,855000,85500,1.1,4,0.0001262922973786791,830450.0
010-050,146100,14610,1.2,8,0.0006687100612719729,72728.0
050-100,8700,870,1.4,16,0.014795213267794623,1385.0
100+,3050,305,1.8,32,0.021005589906716023,385.0
