,high,low,lambda_start,lambda_end,frequency_factor,total
005,16950000,1695000,1.0,2,1.3179414234918257e-05,12505888.0
005-009,855000,85500,1.1,4,0.0012110273550328373,86468.0
010-050,146100,14610,1.2,8,0.002871400347506167,17030.0
050-100,8700,870,1.4,16,0.018217238115145137,1140.0
100+,3050,305,1.8,32,0.004217901197868627,1854.0
