,high,low,lambda_start,lambda_end,frequency_factor,total
005,16950000,1695000,1.0,2,4.595697352741012e-05,3586803.0
005-009,855000,85500,1.1,4,0.00046977899958515446,222251.0
010-050,146100,14610,1.2,8,0.0025150490253535375,19286.0
050-100,8700,870,1.4,16,0.006014372129170605,3447.0
100+,3050,305,1.8,32,0.006960570850445901,1115.0
