,high,low,lambda_start,lambda_end,frequency_factor,total
005,16950000,1695000,1.0,2,9.424795971516097e-05,1749634.0
005-009,855000,85500,1.1,4,0.0010737751543278872,97654.0
010-050,146100,14610,1.2,8,0.00034731378802172505,139821.0
050-100,8700,870,1.4,16,0.0028163742888637497,7218.0
100+,3050,305,1.8,32,0.01663869311010336,462.0
