,high,low,lambda_start,lambda_end,frequency_factor,total
005,16950000,1695000,1.0,2,6.050556117700521e-05,2724695.0
005-009,855000,85500,1.1,4,0.0010289857882727152,101610.0
010-050,146100,14610,1.2,8,0.002337520328118263,20618.0
050-100,8700,870,1.4,16,0.022537217964150962,873.0
100+,3050,305,1.8,32,0.0038080230128560728,2081.0
