,high,low,lambda_start,lambda_end,frequency_factor,total
005,16950000,1695000,1.0,2,4.42347205285957e-05,3729612.0
005-009,855000,85500,1.1,4,0.0004630143269753661,227096.0
010-050,146100,14610,1.2,8,0.0027777272439131933,17496.0
050-100,8700,870,1.4,16,0.00960135133887958,2142.0
100+,3050,305,1.8,32,0.023226522434173082,315.0
