,high,low,lambda_start,lambda_end,frequency_factor,total
005,16950000,1695000,1.0,2,4.276597289492474e-05,3854833.0
005-009,855000,85500,1.1,4,0.0008970817169866739,116851.0
010-050,146100,14610,1.2,8,0.0010603594123352615,45818.0
050-100,8700,870,1.4,16,0.014036379653760256,1468.0
100+,3050,305,1.8,32,0.007491273343925024,1076.0
