,high,low,lambda_start,lambda_end,frequency_factor,total
005,16950000,1695000,1.0,2,3.5955489589318404e-05,4584545.0
005-009,855000,85500,1.1,4,0.0004972851396670004,210927.0
010-050,146100,14610,1.2,8,0.0026725045458286887,18199.0
050-100,8700,870,1.4,16,0.019706729992771743,1056.0
100+,3050,305,1.8,32,0.019932093250996534,394.0
