,high,low,lambda_start,lambda_end,frequency_factor,total
005,16950000,1695000,1.0,2,4.557239838078841e-05,3617196.0
005-009,855000,85500,1.1,4,0.0009766171242010235,107219.0
010-050,146100,14610,1.2,8,0.0009430986404686964,51737.0
050-100,8700,870,1.4,16,0.011409687064118545,1792.0
100+,3050,305,1.8,32,0.019517079496143227,369.0
