,high,low,lambda_start,lambda_end,frequency_factor,total
005,16950000,1695000,1.0,2,6.352411655949895e-05,2594257.0
005-009,855000,85500,1.1,4,0.00021108956491876183,494849.0
010-050,146100,14610,1.2,8,0.002695273648630192,18005.0
050-100,8700,870,1.4,16,0.020779467233771047,1010.0
100+,3050,305,1.8,32,0.008624075187171199,927.0
