,high,low,lambda_start,lambda_end,frequency_factor,total
005,16950000,1695000,1.0,2,6.336130019396393e-05,2603658.0
005-009,855000,85500,1.1,4,0.00014742964206198374,711159.0
010-050,146100,14610,1.2,8,0.002984584161363601,16390.0
050-100,8700,870,1.4,16,0.0033108076444741527,6215.0
100+,3050,305,1.8,32,0.02345360036327606,353.0
