,high,low,lambda_start,lambda_end,frequency_factor,total
005,16950000,1695000,1.0,2,4.5332889932566616e-05,3635753.0
005-009,855000,85500,1.1,4,0.0009402845927449074,111824.0
010-050,146100,14610,1.2,8,0.0003365124706738716,144157.0
050-100,8700,870,1.4,16,0.007758342578823376,2589.0
100+,3050,305,1.8,32,0.003260949310306213,2336.0
