,high,low,lambda_start,lambda_end,frequency_factor,total
005,16950000,1695000,1.0,2,8.462988067346085e-05,1947731.0
005-009,855000,85500,1.1,4,0.0012114677382997765,86288.0
010-050,146100,14610,1.2,8,0.001705294569416517,28595.0
050-100,8700,870,1.4,16,0.012107958005679938,1676.0
100+,3050,305,1.8,32,0.01871478782319419,368.0
