,high,low,lambda_start,lambda_end,frequency_factor,total
005,16950000,1695000,1.0,2,8.260673401332133e-05,1997805.0
005-009,855000,85500,1.1,4,0.0006103144731788134,172126.0
010-050,146100,14610,1.2,8,0.0005829629101293483,83281.0
050-100,8700,870,1.4,16,0.01934922305138501,1067.0
100+,3050,305,1.8,32,0.004993968270205851,1513.0
