,high,low,lambda_start,lambda_end,frequency_factor,total
005,16950000,1695000,1.0,2,3.789645850070525e-05,4351429.0
005-009,855000,85500,1.1,4,0.00021892874147577644,479764.0
010-050,146100,14610,1.2,8,0.0026593951216975654,18347.0
050-100,8700,870,1.4,16,0.016624454573708477,1229.0
100+,3050,305,1.8,32,0.019282564679814235,374.0
