,high,low,lambda_start,lambda_end,frequency_factor,total
005,16950000,1695000,1.0,2,5.535528311824516e-05,2979780.0
005-009,855000,85500,1.1,4,0.00014369519889602587,730378.0
010-050,146100,14610,1.2,8,0.002795713755574019,17170.0
050-100,8700,870,1.4,16,0.0031381534055147397,6541.0
100+,3050,305,1.8,32,0.012444416326281876,665.0
