,high,low,lambda_start,lambda_end,frequency_factor,total
005,16950000,1695000,1.0,2,9.84069102991281e-06,16754640.0
005-009,855000,85500,1.1,4,0.000410696710255755,254713.0
010-050,146100,14610,1.2,8,0.0028353800633142104,17234.0
050-100,8700,870,1.4,16,0.015247578252950792,1330.0
100+,3050,305,1.8,32,0.003411438037684866,2260.0
