,high,low,lambda_start,lambda_end,frequency_factor,total
005,16950000,1695000,1.0,2,7.857834342712626e-05,2100881.0
005-009,855000,85500,1.1,4,0.0007558915071802452,138362.0
010-050,146100,14610,1.2,8,0.0022513259353183724,21973.0
050-100,8700,870,1.4,16,0.016549224061178074,1232.0
100+,3050,305,1.8,32,0.012371134506175958,643.0
