,high,low,lambda_start,lambda_end,frequency_factor,total
005,16950000,1695000,1.0,2,4.466884531751988e-05,3689168.0
005-009,855000,85500,1.1,4,0.0009838369293046966,106845.0
010-050,146100,14610,1.2,8,0.0015270646234926233,31609.0
050-100,8700,870,1.4,16,0.00659518143007059,2988.0
100+,3050,305,1.8,32,0.010999062531982729,701.0
