,high,low,lambda_start,lambda_end,frequency_factor,total
005,16950000,1695000,1.0,2,4.4096024446313225e-05,3737878.0
005-009,855000,85500,1.1,4,0.0007982061217832807,130938.0
010-050,146100,14610,1.2,8,0.002333892342815299,20770.0
050-100,8700,870,1.4,16,0.011687090953565939,1755.0
100+,3050,305,1.8,32,0.004159842109380878,1923.0
