,high,low,lambda_start,lambda_end,frequency_factor,total
005,16950000,1695000,1.0,2,1.1285778015286821e-05,14604243.0
005-009,855000,85500,1.1,4,0.000920636741247087,114011.0
010-050,146100,14610,1.2,8,0.0020548118557528,23889.0
050-100,8700,870,1.4,16,0.0047427406214833896,4304.0
100+,3050,305,1.8,32,0.016610069724879616,491.0
