,high,low,lambda_start,lambda_end,frequency_factor,total
005,16950000,1695000,1.0,2,1.3767289111810271e-05,11970426.0
005-009,855000,85500,1.1,4,0.00028880090766209883,362748.0
010-050,146100,14610,1.2,8,0.0014314651792572241,34292.0
050-100,8700,870,1.4,16,0.016994951840737012,1188.0
100+,3050,305,1.8,32,0.017894151956813556,415.0
