,high,low,lambda_start,lambda_end,frequency_factor,total
005,16950000,1695000,1.0,2,1.5860045762139914e-05,10398389.0
005-009,855000,85500,1.1,4,0.0004778081306073786,218001.0
010-050,146100,14610,1.2,8,0.002513332422848391,19335.0
050-100,8700,870,1.4,16,0.010550116067258065,1926.0
100+,3050,305,1.8,32,0.0229203385551478,329.0
