,high,low,lambda_start,lambda_end,frequency_factor,total
005,16950000,1695000,1.0,2,5.8279164378483903e-05,2831455.0
005-009,855000,85500,1.1,4,0.0006148103577846575,170693.0
010-050,146100,14610,1.2,8,0.0021764311702157668,21966.0
050-100,8700,870,1.4,16,0.008900611464770626,2312.0
100+,3050,305,1.8,32,0.012851170442657009,602.0
