,high,low,lambda_start,lambda_end,frequency_factor,total
005,16950000,1695000,1.0,2,8.96999032527655e-05,1839257.0
005-009,855000,85500,1.1,4,0.00015132312399902345,691167.0
010-050,146100,14610,1.2,8,0.0017861920283491729,26822.0
050-100,8700,870,1.4,16,0.011442453541061057,1826.0
100+,3050,305,1.8,32,0.004968413238630223,1550.0
