,high,low,lambda_start,lambda_end,frequency_factor,total
005,16950000,1695000,1.0,2,2.6397217191548646e-05,6245356.0
005-009,855000,85500,1.1,4,0.0007434851860106321,140776.0
010-050,146100,14610,1.2,8,0.002277471419221725,21441.0
050-100,8700,870,1.4,16,0.0038360716040512525,5280.0
100+,3050,305,1.8,32,0.010979834741909594,722.0
