,high,low,lambda_start,lambda_end,frequency_factor,total
005,16950000,1695000,1.0,2,3.745448321126563e-05,4403399.0
005-009,855000,85500,1.1,4,0.000917131781179785,114228.0
010-050,146100,14610,1.2,8,0.002839927706400712,16913.0
050-100,8700,870,1.4,16,0.00924209872061858,2250.0
100+,3050,305,1.8,32,0.01789106449273687,464.0
