,high,low,lambda_start,lambda_end,frequency_factor,total
005,16950000,1695000,1.0,2,7.209250595215821e-05,2284359.0
005-009,855000,85500,1.1,4,0.0002494433271069388,420775.0
010-050,146100,14610,1.2,8,0.003146410616003948,15595.0
050-100,8700,870,1.4,16,0.015262213941431714,1423.0
100+,3050,305,1.8,32,0.009046476650518378,867.0
