,high,low,lambda_start,lambda_end,frequency_factor,total
005,16950000,1695000,1.0,2,5.11282367983063e-05,3225352.0
005-009,855000,85500,1.1,4,0.0006402436786685108,163892.0
010-050,146100,14610,1.2,8,0.0005793465556311719,84057.0
050-100,8700,870,1.4,16,0.010023110916672929,1962.0
100+,3050,305,1.8,32,0.007265906533769465,1085.0
