,high,low,lambda_start,lambda_end,frequency_factor,total
005,16950000,1695000,1.0,2,3.346983330746134e-05,4922282.0
005-009,855000,85500,1.1,4,0.0010059741369033966,105038.0
010-050,146100,14610,1.2,8,0.002065717777769957,23227.0
050-100,8700,870,1.4,16,0.020545680360802485,987.0
100+,3050,305,1.8,32,0.014609922858953388,501.0
