,high,low,lambda_start,lambda_end,frequency_factor,total
005,16950000,1695000,1.0,2,9.260185761258725e-05,1778971.0
005-009,855000,85500,1.1,4,0.0011860488793099123,88553.0
010-050,146100,14610,1.2,8,0.0010269551921150667,47414.0
050-100,8700,870,1.4,16,0.002518198142962662,8094.0
100+,3050,305,1.8,32,0.02290937325313689,337.0
