,high,low,lambda_start,lambda_end,frequency_factor,total
005,16950000,1695000,1.0,2,1.138795894944046e-05,14479425.0
005-009,855000,85500,1.1,4,0.0011127729214878963,94304.0
010-050,146100,14610,1.2,8,0.00045519252138650373,106553.0
050-100,8700,870,1.4,16,0.006285308790050927,3265.0
100+,3050,305,1.8,32,0.004539121672469232,1703.0
