,high,low,lambda_start,lambda_end,frequency_factor,total
005,16950000,1695000,1.0,2,2.3932787376949777e-05,6891512.0
005-009,855000,85500,1.1,4,0.0011998011299545973,87654.0
010-050,146100,14610,1.2,8,0.0021019689412939916,22916.0
050-100,8700,870,1.4,16,0.016623697681034666,1175.0
100+,3050,305,1.8,32,0.02412437603254853,333.0
