,high,low,lambda_start,lambda_end,frequency_factor,total
005,16950000,1695000,1.0,2,6.239468227588488e-05,2644365.0
005-009,855000,85500,1.1,4,0.00013021977865540341,804881.0
010-050,146100,14610,1.2,8,0.0026598201579432924,18175.0
050-100,8700,870,1.4,16,0.006382896677514396,3291.0
100+,3050,305,1.8,32,0.012662914214622085,578.0
