,high,low,lambda_start,lambda_end,frequency_factor,total
005,16950000,1695000,1.0,2,3.276531644329021e-05,5030258.0
005-009,855000,85500,1.1,4,0.0011998169075052036,87335.0
010-050,146100,14610,1.2,8,0.003085330081396481,15715.0
050-100,8700,870,1.4,16,0.004652788673271525,4305.0
100+,3050,305,1.8,32,0.01727144070973187,460.0
