,high,low,lambda_start,lambda_end,frequency_factor,total
005,16950000,1695000,1.0,2,1.9055295953214775e-05,8653893.0
005-009,855000,85500,1.1,4,0.0001517107396850552,691442.0
010-050,146100,14610,1.2,8,0.00045902264360213167,105445.0
050-100,8700,870,1.4,16,0.016858686049451538,1174.0
100+,3050,305,1.8,32,0.007609495169360596,1031.0
