,high,low,lambda_start,lambda_end,frequency_factor,total
005,16950000,1695000,1.0,2,2.918571707588758e-05,5647419.0
005-009,855000,85500,1.1,4,0.00040915643006207307,256037.0
010-050,146100,14610,1.2,8,0.0003669563217345826,132340.0
050-100,8700,870,1.4,16,0.014810882373507781,1424.0
100+,3050,305,1.8,32,0.00920291554070034,834.0
