,high,low,lambda_start,lambda_end,frequency_factor,total
005,16950000,1695000,1.0,2,1.0629776155588076e-05,15514348.0
005-009,855000,85500,1.1,4,0.0005175750923123798,201822.0
010-050,146100,14610,1.2,8,0.002625601338082274,18391.0
050-100,8700,870,1.4,16,0.019554688415748006,1017.0
100+,3050,305,1.8,32,0.021841206857916674,358.0
