,high,low,lambda_start,lambda_end,frequency_factor,total
005,16950000,1695000,1.0,2,8.048509174256816e-05,2049439.0
005-009,855000,85500,1.1,4,0.0002892522063952183,362182.0
010-050,146100,14610,1.2,8,0.0010967449575954118,44515.0
050-100,8700,870,1.4,16,0.003415709950745194,5882.0
100+,3050,305,1.8,32,0.019998447981915017,394.0
