,high,low,lambda_start,lambda_end,frequency_factor,total
005,16950000,1695000,1.0,2,4.9278767957791006e-05,3345946.0
005-009,855000,85500,1.1,4,0.0008740694343332664,119692.0
010-050,146100,14610,1.2,8,0.002910759820644318,16734.0
050-100,8700,870,1.4,16,0.003192542698259501,6373.0
100+,3050,305,1.8,32,0.017727182001618106,457.0
