,high,low,lambda_start,lambda_end,frequency_factor,total
005,16950000,1695000,1.0,2,9.482484512699547e-05,1739473.0
005-009,855000,85500,1.1,4,0.0006093893202987745,171415.0
010-050,146100,14610,1.2,8,0.0020995179889180286,23151.0
050-100,8700,870,1.4,16,0.004594624106679694,4542.0
100+,3050,305,1.8,32,0.012302740102699591,671.0
