,high,low,lambda_start,lambda_end,frequency_factor,total
005,16950000,1695000,1.0,2,1.7729559137340153e-05,9298425.0
005-009,855000,85500,1.1,4,0.0006973648240228659,149867.0
010-050,146100,14610,1.2,8,0.000626578588903001,77874.0
050-100,8700,870,1.4,16,0.021421631679185007,958.0
100+,3050,305,1.8,32,0.02205355582690546,329.0
