,high,low,lambda_start,lambda_end,frequency_factor,total
005,16950000,1695000,1.0,2,9.247779939610721e-05,1783102.0
005-009,855000,85500,1.1,4,0.00012487000794560274,839862.0
010-050,146100,14610,1.2,8,0.00061652682737017,78456.0
050-100,8700,870,1.4,16,0.012069983736238741,1760.0
100+,3050,305,1.8,32,0.017468445261460394,450.0
