,high,low,lambda_start,lambda_end,frequency_factor,total
005,16950000,1695000,1.0,2,4.832790878375013e-05,3411755.0
005-009,855000,85500,1.1,4,0.0001931413767133533,542064.0
010-050,146100,14610,1.2,8,0.0013424831084921066,36427.0
050-100,8700,870,1.4,16,0.019153502562630657,1037.0
100+,3050,305,1.8,32,0.004159282760768089,1728.0
