,high,low,lambda_start,lambda_end,frequency_factor,total
005,16950000,1695000,1.0,2,1.757953442180067e-05,9380902.0
005-009,855000,85500,1.1,4,0.0011423337895902868,92014.0
010-050,146100,14610,1.2,8,0.0025195865951546732,19429.0
050-100,8700,870,1.4,16,0.005878219130610744,3513.0
100+,3050,305,1.8,32,0.01620721095015282,447.0
