,high,low,lambda_start,lambda_end,frequency_factor,total
005,16950000,1695000,1.0,2,8.14679765349215e-05,2025854.0
005-009,855000,85500,1.1,4,0.00014550357026040626,720070.0
010-050,146100,14610,1.2,8,0.0013008472335568825,37177.0
050-100,8700,870,1.4,16,0.003959561911882419,5113.0
100+,3050,305,1.8,32,0.022337214005606558,338.0
