,high,low,lambda_start,lambda_end,frequency_factor,total
005,16950000,1695000,1.0,2,8.489565497580915e-05,1943795.0
005-009,855000,85500,1.1,4,0.00018133944237002633,579307.0
010-050,146100,14610,1.2,8,0.00035168526015748964,137959.0
050-100,8700,870,1.4,16,0.002695967007200925,7433.0
100+,3050,305,1.8,32,0.023291104257228624,349.0
