,high,low,lambda_start,lambda_end,frequency_factor,total
005,16950000,1695000,1.0,2,7.936386480312021e-05,2077327.0
005-009,855000,85500,1.1,4,0.00035426010747989826,297021.0
010-050,146100,14610,1.2,8,0.00042051760530173373,115297.0
050-100,8700,870,1.4,16,0.004167305345674828,4901.0
100+,3050,305,1.8,32,0.006337205802860351,1257.0
