,high,low,lambda_start,lambda_end,frequency_factor,total
005,16950000,1695000,1.0,2,8.655341657428721e-05,1902940.0
005-009,855000,85500,1.1,4,0.0006943203969191144,151635.0
010-050,146100,14610,1.2,8,0.0013561233928469458,35514.0
050-100,8700,870,1.4,16,0.02096360062537165,954.0
100+,3050,305,1.8,32,0.005915863148392963,1364.0
