,high,low,lambda_start,lambda_end,frequency_factor,total
005,16950000,1695000,1.0,2,3.844777258074851e-05,4289804.0
005-009,855000,85500,1.1,4,0.0004593414435684506,228269.0
010-050,146100,14610,1.2,8,0.0031190794359773565,15413.0
050-100,8700,870,1.4,16,0.004004182526777078,5041.0
100+,3050,305,1.8,32,0.002795335590570391,2795.0
