,high,low,lambda_start,lambda_end,frequency_factor,total
005,16950000,1695000,1.0,2,7.710851776209852e-05,2137284.0
005-009,855000,85500,1.1,4,0.0009414751557564756,111334.0
010-050,146100,14610,1.2,8,0.0003509052870971237,138949.0
050-100,8700,870,1.4,16,0.014859581050670333,1384.0
100+,3050,305,1.8,32,0.00671485847105748,1144.0
