,high,low,lambda_start,lambda_end,frequency_factor,total
005,16950000,1695000,1.0,2,1.218506862795522e-05,13527508.0
005-009,855000,85500,1.1,4,0.0007840639629488668,133982.0
010-050,146100,14610,1.2,8,0.0003464714189981657,140156.0
050-100,8700,870,1.4,16,0.00354600653498286,5828.0
100+,3050,305,1.8,32,0.005221396291662067,1548.0
