,high,low,lambda_start,lambda_end,frequency_factor,total
005,16950000,1695000,1.0,2,4.104648943142278e-05,4017536.0
005-009,855000,85500,1.1,4,0.00022071281983982382,474868.0
010-050,146100,14610,1.2,8,0.0008754482983519754,55883.0
050-100,8700,870,1.4,16,0.02016986709534408,995.0
100+,3050,305,1.8,32,0.01833556912407175,412.0
