,high,low,lambda_start,lambda_end,frequency_factor,total
005,16950000,1695000,1.0,2,1.71101303070872e-05,9633783.0
005-009,855000,85500,1.1,4,0.0005085858073551038,206648.0
010-050,146100,14610,1.2,8,0.002872972821140701,17029.0
050-100,8700,870,1.4,16,0.009929031850657796,2085.0
100+,3050,305,1.8,32,0.02165919994972891,376.0
