,high,low,lambda_start,lambda_end,frequency_factor,total
005,16950000,1695000,1.0,2,5.001303698222369e-05,3296869.0
005-009,855000,85500,1.1,4,0.0004395597927420059,238865.0
010-050,146100,14610,1.2,8,0.0020878201895600263,23049.0
050-100,8700,870,1.4,16,0.017602928155636095,1157.0
100+,3050,305,1.8,32,0.017171254539409358,455.0
