,high,low,lambda_start,lambda_end,frequency_factor,total
005,16950000,1695000,1.0,2,6.199819795133684e-05,2660125.0
005-009,855000,85500,1.1,4,0.0009929514324673258,105651.0
010-050,146100,14610,1.2,8,0.0016780850593633254,28969.0
050-100,8700,870,1.4,16,0.018722420834053666,1054.0
100+,3050,305,1.8,32,0.022004066148969877,388.0
