,high,low,lambda_start,lambda_end,frequency_factor,total
005,16950000,1695000,1.0,2,4.963503795627143e-05,3319853.0
005-009,855000,85500,1.1,4,0.0010958344417308168,95186.0
010-050,146100,14610,1.2,8,0.0013008939050706354,37760.0
050-100,8700,870,1.4,16,0.015190597334140365,1325.0
100+,3050,305,1.8,32,0.01722148663575327,444.0
