,high,low,lambda_start,lambda_end,frequency_factor,total
005,16950000,1695000,1.0,2,4.347442159505481e-05,3790913.0
005-009,855000,85500,1.1,4,0.0003241313803699718,321793.0
010-050,146100,14610,1.2,8,0.0009671255571437183,50009.0
050-100,8700,870,1.4,16,0.009421902635651446,2207.0
100+,3050,305,1.8,32,0.012665311068025093,689.0
