,high,low,lambda_start,lambda_end,frequency_factor,total
005,16950000,1695000,1.0,2,5.403225552626692e-05,3049722.0
005-009,855000,85500,1.1,4,0.00014663544205177612,711491.0
010-050,146100,14610,1.2,8,0.001857513688567568,26151.0
050-100,8700,870,1.4,16,0.017181908529065135,1152.0
100+,3050,305,1.8,32,0.003076255793130803,2528.0
