,high,low,lambda_start,lambda_end,frequency_factor,total
005,16950000,1695000,1.0,2,1.289143492622873e-05,12782539.0
005-009,855000,85500,1.1,4,0.000726986514345906,143938.0
010-050,146100,14610,1.2,8,0.0011974082367080207,41048.0
050-100,8700,870,1.4,16,0.006083917464727777,3352.0
100+,3050,305,1.8,32,0.019448359960777522,423.0
