,high,low,lambda_start,lambda_end,frequency_factor,total
005,16950000,1695000,1.0,2,7.734005095524838e-05,2131121.0
005-009,855000,85500,1.1,4,0.0006042557062557251,173857.0
010-050,146100,14610,1.2,8,0.00046635704917129554,104534.0
050-100,8700,870,1.4,16,0.0072365965605958316,2809.0
100+,3050,305,1.8,32,0.0034988960122397327,2142.0
