,high,low,lambda_start,lambda_end,frequency_factor,total
005,16950000,1695000,1.0,2,6.923410708122542e-05,2380034.0
005-009,855000,85500,1.1,4,0.0007877511145785692,133051.0
010-050,146100,14610,1.2,8,0.0005493228778915637,88409.0
050-100,8700,870,1.4,16,0.015033491794900088,1363.0
100+,3050,305,1.8,32,0.01652514180643546,457.0
