,high,low,lambda_start,lambda_end,frequency_factor,total
005,16950000,1695000,1.0,2,1.0505900839298417e-05,15698158.0
005-009,855000,85500,1.1,4,0.0001806148654864799,579145.0
010-050,146100,14610,1.2,8,0.002509459091838717,19318.0
050-100,8700,870,1.4,16,0.005297055598352026,3854.0
100+,3050,305,1.8,32,0.01380956541676781,556.0
