,high,low,lambda_start,lambda_end,frequency_factor,total
005,16950000,1695000,1.0,2,5.648817904387196e-05,2918738.0
005-009,855000,85500,1.1,4,0.0008741285770189806,119886.0
010-050,146100,14610,1.2,8,0.0028514834962317034,17059.0
050-100,8700,870,1.4,16,0.0031369496256316806,6508.0
100+,3050,305,1.8,32,0.008690969917245933,838.0
