,high,low,lambda_start,lambda_end,frequency_factor,total
005,16950000,1695000,1.0,2,6.647314563677467e-05,2477674.0
005-009,855000,85500,1.1,4,0.0007083036301353837,147592.0
010-050,146100,14610,1.2,8,0.0012987825291481383,37634.0
050-100,8700,870,1.4,16,0.002397501701621341,8374.0
100+,3050,305,1.8,32,0.00524199877034021,1460.0
