,high,low,lambda_start,lambda_end,frequency_factor,total
005,16950000,1695000,1.0,2,4.069238720722051e-05,4048291.0
005-009,855000,85500,1.1,4,0.00013232706476750658,791862.0
010-050,146100,14610,1.2,8,0.0012330609805137661,38877.0
050-100,8700,870,1.4,16,0.019169173315484702,1071.0
100+,3050,305,1.8,32,0.01488002014201496,492.0
