,high,low,lambda_start,lambda_end,frequency_factor,total
005,16950000,1695000,1.0,2,4.060197553475685e-05,4060760.0
005-009,855000,85500,1.1,4,0.00020646197988732172,506831.0
010-050,146100,14610,1.2,8,0.001833114903943109,26309.0
050-100,8700,870,1.4,16,0.017578416500863035,1163.0
100+,3050,305,1.8,32,0.003682317193127833,2147.0
