,high,low,lambda_start,lambda_end,frequency_factor,total
005,16950000,1695000,1.0,2,7.598857439594894e-05,2170282.0
005-009,855000,85500,1.1,4,0.0006090307440560454,172118.0
010-050,146100,14610,1.2,8,0.001210067318811195,40104.0
050-100,8700,870,1.4,16,0.02059132620006933,984.0
100+,3050,305,1.8,32,0.0151508055733304,514.0
