,high,low,lambda_start,lambda_end,frequency_factor,total
005,16950000,1695000,1.0,2,1.8616878404137584e-05,8855835.0
005-009,855000,85500,1.1,4,0.00016012864568844273,653330.0
010-050,146100,14610,1.2,8,0.0031098933695691573,15714.0
050-100,8700,870,1.4,16,0.00422725883515167,4803.0
100+,3050,305,1.8,32,0.01575262511992476,479.0
