,high,low,lambda_start,lambda_end,frequency_factor,total
005,16950000,1695000,1.0,2,1.2593020410168275e-05,13090642.0
005-009,855000,85500,1.1,4,0.0006855942851279046,152262.0
010-050,146100,14610,1.2,8,0.0019558399631427136,24984.0
050-100,8700,870,1.4,16,0.017301740609770088,1187.0
100+,3050,305,1.8,32,0.022132829987880066,388.0
