,high,low,lambda_start,lambda_end,frequency_factor,total
005,16950000,1695000,1.0,2,1.1822426647828792e-05,13951695.0
005-009,855000,85500,1.1,4,0.0002769401887076171,377507.0
010-050,146100,14610,1.2,8,0.00035862641558050986,135182.0
050-100,8700,870,1.4,16,0.006029103886117715,3404.0
100+,3050,305,1.8,32,0.003219421436351651,2484.0
