,high,low,lambda_start,lambda_end,frequency_factor,total
005,16950000,1695000,1.0,2,9.11684421414798e-05,1807963.0
005-009,855000,85500,1.1,4,0.0002523384298289047,414938.0
010-050,146100,14610,1.2,8,0.0020277917039501284,24159.0
050-100,8700,870,1.4,16,0.011902558581359036,1624.0
100+,3050,305,1.8,32,0.0030169888606577703,2483.0
