,high,low,lambda_start,lambda_end,frequency_factor,total
005,16950000,1695000,1.0,2,8.773507324238637e-05,1879615.0
005-009,855000,85500,1.1,4,0.0007826817599028839,133182.0
010-050,146100,14610,1.2,8,0.0011927865375591078,40722.0
050-100,8700,870,1.4,16,0.01985699512583096,1035.0
100+,3050,305,1.8,32,0.003185074971432315,2409.0
