,high,low,lambda_start,lambda_end,frequency_factor,total
005,16950000,1695000,1.0,2,8.472727420019685e-05,1946796.0
005-009,855000,85500,1.1,4,0.0005584008062694149,187967.0
010-050,146100,14610,1.2,8,0.0013789538253780596,35466.0
050-100,8700,870,1.4,16,0.016635131079355134,1257.0
100+,3050,305,1.8,32,0.005845079696101625,1342.0
