,high,low,lambda_start,lambda_end,frequency_factor,total
005,16950000,1695000,1.0,2,3.116924457545619e-05,5287040.0
005-009,855000,85500,1.1,4,0.0009464402800317584,110806.0
010-050,146100,14610,1.2,8,0.002683584628722791,18113.0
050-100,8700,870,1.4,16,0.002441705180265679,8523.0
100+,3050,305,1.8,32,0.004040250665108971,1930.0
