,high,low,lambda_start,lambda_end,frequency_factor,total
005,16950000,1695000,1.0,2,7.43909728482679e-05,2214507.0
005-009,855000,85500,1.1,4,0.0009253298315338565,113407.0
010-050,146100,14610,1.2,8,0.000756479995043394,64205.0
050-100,8700,870,1.4,16,0.0032370942488813967,6354.0
100+,3050,305,1.8,32,0.01756941148645979,411.0
