,high,low,lambda_start,lambda_end,frequency_factor,total
005,16950000,1695000,1.0,2,1.0797337901152585e-05,15274111.0
005-009,855000,85500,1.1,4,0.00048714113650302505,215731.0
010-050,146100,14610,1.2,8,0.0006832921768967983,71114.0
050-100,8700,870,1.4,16,0.02182843421234546,938.0
100+,3050,305,1.8,32,0.009317438813407384,842.0
