,high,low,lambda_start,lambda_end,frequency_factor,total
005,16950000,1695000,1.0,2,7.416362261803343e-05,2225568.0
005-009,855000,85500,1.1,4,0.0009046776843888437,115715.0
010-050,146100,14610,1.2,8,0.002251395070614917,21727.0
050-100,8700,870,1.4,16,0.012143059542695069,1688.0
100+,3050,305,1.8,32,0.005732672277612482,1359.0
