,high,low,lambda_start,lambda_end,frequency_factor,total
005,16950000,1695000,1.0,2,8.929266617130859e-05,1846289.0
005-009,855000,85500,1.1,4,0.0006930730217015262,150432.0
010-050,146100,14610,1.2,8,0.0013408427331203078,36158.0
050-100,8700,870,1.4,16,0.005094751450248633,3954.0
100+,3050,305,1.8,32,0.01632337436429918,468.0
