,high,low,lambda_start,lambda_end,frequency_factor,total
005,16950000,1695000,1.0,2,7.366871448658993e-05,2234719.0
005-009,855000,85500,1.1,4,0.00035924367041829215,291210.0
010-050,146100,14610,1.2,8,0.0022888922609441862,21143.0
050-100,8700,870,1.4,16,0.01796219282141896,1112.0
100+,3050,305,1.8,32,0.021195426870704952,358.0
