,high,low,lambda_start,lambda_end,frequency_factor,total
005,16950000,1695000,1.0,2,2.759914400182068e-05,5970034.0
005-009,855000,85500,1.1,4,0.00044345343837357844,236169.0
010-050,146100,14610,1.2,8,0.0015255472903170822,31881.0
050-100,8700,870,1.4,16,0.022605827168591934,901.0
100+,3050,305,1.8,32,0.002802431879370537,2742.0
