,high,low,lambda_start,lambda_end,frequency_factor,total
005,16950000,1695000,1.0,2,6.194654987522332e-05,2663687.0
005-009,855000,85500,1.1,4,0.0006078202676764419,171713.0
010-050,146100,14610,1.2,8,0.0005074577104573194,96169.0
050-100,8700,870,1.4,16,0.002868781430304516,7040.0
100+,3050,305,1.8,32,0.016465170204024087,473.0
