,high,low,lambda_start,lambda_end,frequency_factor,total
005,16950000,1695000,1.0,2,1.0630614728210074e-05,15512143.0
005-009,855000,85500,1.1,4,0.0001721690863440727,607763.0
010-050,146100,14610,1.2,8,0.002874230609825799,17140.0
050-100,8700,870,1.4,16,0.014364404012885282,1513.0
100+,3050,305,1.8,32,0.01123546759961356,694.0
