,high,low,lambda_start,lambda_end,frequency_factor,total
005,16950000,1695000,1.0,2,7.667531290951527e-05,2149720.0
005-009,855000,85500,1.1,4,0.00021034588813280666,498361.0
010-050,146100,14610,1.2,8,0.001402981845341971,34496.0
050-100,8700,870,1.4,16,0.01383296315917651,1458.0
100+,3050,305,1.8,32,0.012398846199564278,614.0
