,high,low,lambda_start,lambda_end,frequency_factor,total
005,16950000,1695000,1.0,2,5.6246594330039586e-05,2928843.0
005-009,855000,85500,1.1,4,0.0009783762694513523,107424.0
010-050,146100,14610,1.2,8,0.0005262053893699389,92704.0
050-100,8700,870,1.4,16,0.01817249527339286,1192.0
100+,3050,305,1.8,32,0.021728008371741745,359.0
