,high,low,lambda_start,lambda_end,frequency_factor,total
005,16950000,1695000,1.0,2,2.6321711122574588e-05,6262925.0
005-009,855000,85500,1.1,4,0.0003889221805796935,269305.0
010-050,146100,14610,1.2,8,0.0020231377142649947,23936.0
050-100,8700,870,1.4,16,0.01571168441152699,1320.0
100+,3050,305,1.8,32,0.020027560756656484,408.0
