,high,low,lambda_start,lambda_end,frequency_factor,total
005,16950000,1695000,1.0,2,7.145991125163737e-05,2305293.0
005-009,855000,85500,1.1,4,0.00018078160034829425,579082.0
010-050,146100,14610,1.2,8,0.0026331040062696916,18401.0
050-100,8700,870,1.4,16,0.007554664290765206,2690.0
100+,3050,305,1.8,32,0.011809259072030655,650.0
