,high,low,lambda_start,lambda_end,frequency_factor,total
005,16950000,1695000,1.0,2,1.831449180134462e-05,9002078.0
005-009,855000,85500,1.1,4,0.0007185094740519617,145555.0
010-050,146100,14610,1.2,8,0.0025687677340336884,19120.0
050-100,8700,870,1.4,16,0.018368802089016326,1105.0
100+,3050,305,1.8,32,0.022827211672603855,323.0
