,high,low,lambda_start,lambda_end,frequency_factor,total
005,16950000,1695000,1.0,2,6.911246217355026e-05,2386423.0
005-009,855000,85500,1.1,4,0.0010502363736683486,99980.0
010-050,146100,14610,1.2,8,0.0024488398024959082,19971.0
050-100,8700,870,1.4,16,0.01193236831333503,1670.0
100+,3050,305,1.8,32,0.0032561999219204783,2403.0
