,high,low,lambda_start,lambda_end,frequency_factor,total
005,16950000,1695000,1.0,2,9.96917837988207e-06,16538936.0
005-009,855000,85500,1.1,4,0.0009006695751381584,116173.0
010-050,146100,14610,1.2,8,0.0029302076169481378,16694.0
050-100,8700,870,1.4,16,0.00858554308426933,2391.0
100+,3050,305,1.8,32,0.008688354472054361,886.0
