,high,low,lambda_start,lambda_end,frequency_factor,total
005,16950000,1695000,1.0,2,7.056021821983763e-05,2338740.0
005-009,855000,85500,1.1,4,0.000522048151697713,200486.0
010-050,146100,14610,1.2,8,0.00048356462960097804,100502.0
050-100,8700,870,1.4,16,0.004194760250020926,4759.0
100+,3050,305,1.8,32,0.011224197744276706,662.0
