,high,low,lambda_start,lambda_end,frequency_factor,total
005,16950000,1695000,1.0,2,5.7120884941919076e-05,2886654.0
005-009,855000,85500,1.1,4,0.0006675323666764828,157355.0
010-050,146100,14610,1.2,8,0.0004096968082607042,118934.0
050-100,8700,870,1.4,16,0.002714966786278446,7548.0
100+,3050,305,1.8,32,0.01252486421020252,624.0
