,high,low,lambda_start,lambda_end,frequency_factor,total
005,16950000,1695000,1.0,2,1.6496734913499125e-05,9991250.0
005-009,855000,85500,1.1,4,0.0001680217134199349,623480.0
010-050,146100,14610,1.2,8,0.0005237749448237875,92151.0
050-100,8700,870,1.4,16,0.005548570832040737,3589.0
100+,3050,305,1.8,32,0.013578735317269908,616.0
