,high,low,lambda_start,lambda_end,frequency_factor,total
005,16950000,1695000,1.0,2,7.592287232740874e-05,2173357.0
005-009,855000,85500,1.1,4,0.0011879708396342063,88519.0
010-050,146100,14610,1.2,8,0.0013786604702056237,35431.0
050-100,8700,870,1.4,16,0.0026049431649531013,7879.0
100+,3050,305,1.8,32,0.00958756296991525,770.0
