,high,low,lambda_start,lambda_end,frequency_factor,total
005,16950000,1695000,1.0,2,6.942542047744454e-05,2378339.0
005-009,855000,85500,1.1,4,0.00015873126160168864,660878.0
010-050,146100,14610,1.2,8,0.0006927004952897482,70232.0
050-100,8700,870,1.4,16,0.002977088932519844,6790.0
100+,3050,305,1.8,32,0.02301556880074125,342.0
